benchmark,sample_id,case_type,method,level_pct,is_degenerate_map,mean_local_width_px,mean_local_gap_px,mean_local_density,mean_boundary_distance_px,n_geometry_px_in_mask,n_background_px_in_mask,mask_area_px
iccad1,HS32,TP,gradcam,10,False,3.86,13.663,0.3514,5.375,473,4545,5018
iccad1,HS32,TP,gradcam_plus,10,False,4.436,21.097,0.2416,8.43,679,4339,5018
iccad1,HS32,TP,layercam,10,False,7.585,11.588,0.3768,4.059,1881,3137,5018
iccad1,HS32,TP,occlusion,10,False,9.752,8.883,0.4861,3.687,2758,2260,5018
iccad1,HS32,TP,gradcam,20,False,5.255,14.744,0.3229,5.9,1010,9025,10035
iccad1,HS32,TP,gradcam_plus,20,False,4.853,19.867,0.2328,8.136,1079,8956,10035
iccad1,HS32,TP,layercam,20,False,8.098,12.849,0.3483,4.613,3487,6548,10035
iccad1,HS32,TP,occlusion,20,False,8.84,15.105,0.3714,5.208,4348,5687,10035
iccad1,HS32,TP,gradcam,30,False,5.525,15.052,0.304,5.995,1703,13350,15053
iccad1,HS32,TP,gradcam_plus,30,False,5.537,19.261,0.2351,7.847,1747,13306,15053
iccad1,HS32,TP,layercam,30,False,8.214,13.787,0.3304,4.995,4927,10126,15053
iccad1,HS32,TP,occlusion,30,False,9.208,16.263,0.34,5.859,5486,9567,15053
iccad1,HS123,TP,gradcam,10,False,4.233,13.509,0.3486,5.614,162,4856,5018
iccad1,HS123,TP,gradcam_plus,10,False,4.309,20.913,0.1925,9.077,239,4779,5018
iccad1,HS123,TP,layercam,10,False,7.754,10.581,0.4065,3.753,1962,3056,5018
iccad1,HS123,TP,occlusion,10,False,9.048,9.638,0.4183,3.684,2430,2588,5018
iccad1,HS123,TP,gradcam,20,False,4.33,14.015,0.321,5.694,670,9365,10035
iccad1,HS123,TP,gradcam_plus,20,False,4.045,18.9,0.2229,8.067,537,9498,10035
iccad1,HS123,TP,layercam,20,False,8.05,11.743,0.3708,4.2,3738,6297,10035
iccad1,HS123,TP,occlusion,20,False,9.482,13.383,0.3824,4.885,4204,5831,10035
iccad1,HS123,TP,gradcam,30,False,4.531,14.171,0.3117,5.536,1753,13300,15053
iccad1,HS123,TP,gradcam_plus,30,False,4.738,18.44,0.2303,7.662,1261,13792,15053
iccad1,HS123,TP,layercam,30,False,8.305,12.979,0.3464,4.683,5301,9752,15053
iccad1,HS123,TP,occlusion,30,False,9.006,13.124,0.3728,4.75,6034,9019,15053
iccad1,HS27,TP,gradcam,10,False,4.695,15.126,0.3291,5.676,857,4161,5018
iccad1,HS27,TP,gradcam_plus,10,False,5.049,19.305,0.2907,7.238,1004,4014,5018
iccad1,HS27,TP,layercam,10,False,8.89,13.38,0.3663,4.942,1713,3305,5018
iccad1,HS27,TP,occlusion,10,False,8.514,8.315,0.4303,3.213,2543,2475,5018
iccad1,HS27,TP,gradcam,20,False,6.268,14.198,0.3289,5.467,1620,8415,10035
iccad1,HS27,TP,gradcam_plus,20,False,5.891,18.464,0.2572,7.456,1257,8778,10035
iccad1,HS27,TP,layercam,20,False,9.102,14.418,0.3311,5.4,3126,6909,10035
iccad1,HS27,TP,occlusion,20,False,9.25,13.649,0.3657,4.899,4266,5769,10035
iccad1,HS27,TP,gradcam,30,False,6.318,15.771,0.2944,6.188,2252,12801,15053
iccad1,HS27,TP,gradcam_plus,30,False,5.829,18.536,0.2333,7.641,1516,13537,15053
iccad1,HS27,TP,layercam,30,False,9.014,15.262,0.3137,5.713,4506,10547,15053
iccad1,HS27,TP,occlusion,30,False,9.254,16.709,0.3255,6.065,5255,9798,15053
iccad1,NHS120_9,FP,gradcam,10,False,3.182,7.644,0.5075,2.511,715,4303,5018
iccad1,NHS120_9,FP,gradcam_plus,10,False,3.515,19.701,0.2039,8.489,237,4781,5018
iccad1,NHS120_9,FP,layercam,10,False,7.225,8.161,0.443,2.896,2086,2932,5018
iccad1,NHS120_9,FP,occlusion,10,False,7.246,6.03,0.4849,2.35,2751,2267,5018
iccad1,NHS120_9,FP,gradcam,20,False,4.261,8.714,0.4655,2.962,1819,8216,10035
iccad1,NHS120_9,FP,gradcam_plus,20,False,4.979,18.605,0.2363,7.491,1221,8814,10035
iccad1,NHS120_9,FP,layercam,20,False,7.482,10.199,0.4156,3.578,3941,6094,10035
iccad1,NHS120_9,FP,occlusion,20,False,8.338,10.017,0.4522,3.58,5152,4883,10035
iccad1,NHS120_9,FP,gradcam,30,False,4.823,9.55,0.4382,3.216,3617,11436,15053
iccad1,NHS120_9,FP,gradcam_plus,30,False,5.148,19.446,0.2444,7.507,2598,12455,15053
iccad1,NHS120_9,FP,layercam,30,False,7.791,11.601,0.3973,4.091,5703,9350,15053
iccad1,NHS120_9,FP,occlusion,30,False,8.276,12.826,0.4003,4.414,6652,8401,15053
iccad1,NHS68_9,FP,gradcam,10,False,3.325,10.852,0.3642,4.26,231,4787,5018
iccad1,NHS68_9,FP,gradcam_plus,10,False,5.022,15.436,0.2737,6.263,450,4568,5018
iccad1,NHS68_9,FP,layercam,10,False,7.238,9.223,0.4041,3.207,2107,2911,5018
iccad1,NHS68_9,FP,occlusion,10,False,9.416,9.379,0.4615,3.703,2788,2230,5018
iccad1,NHS68_9,FP,gradcam,20,False,4.144,11.453,0.3506,4.409,902,9133,10035
iccad1,NHS68_9,FP,gradcam_plus,20,False,4.68,16.091,0.2757,6.329,1281,8754,10035
iccad1,NHS68_9,FP,layercam,20,False,7.554,10.749,0.3814,3.768,3884,6151,10035
iccad1,NHS68_9,FP,occlusion,20,False,9.391,12.653,0.3896,4.573,4685,5350,10035
iccad1,NHS68_9,FP,gradcam,30,False,4.149,13.402,0.3202,5.052,2151,12902,15053
iccad1,NHS68_9,FP,gradcam_plus,30,False,4.961,16.88,0.2673,6.583,2196,12857,15053
iccad1,NHS68_9,FP,layercam,30,False,7.718,12.194,0.359,4.297,5464,9589,15053
iccad1,NHS68_9,FP,occlusion,30,False,8.774,17.327,0.3255,6.059,5694,9359,15053
iccad1,NHS32_4,FP,gradcam,10,False,3.57,11.998,0.3694,4.724,340,4678,5018
iccad1,NHS32_4,FP,gradcam_plus,10,False,4.688,19.683,0.2526,7.774,722,4296,5018
iccad1,NHS32_4,FP,layercam,10,False,7.144,10.997,0.3544,3.781,1912,3106,5018
iccad1,NHS32_4,FP,occlusion,10,False,10.363,14.058,0.3933,5.158,2394,2624,5018
iccad1,NHS32_4,FP,gradcam,20,False,4.314,12.978,0.3318,5.157,794,9241,10035
iccad1,NHS32_4,FP,gradcam_plus,20,False,5.007,18.678,0.2385,7.588,1121,8914,10035
iccad1,NHS32_4,FP,layercam,20,False,8.089,12.077,0.3444,4.313,3738,6297,10035
iccad1,NHS32_4,FP,occlusion,20,False,10.339,16.675,0.3526,6.071,4062,5973,10035
iccad1,NHS32_4,FP,gradcam,30,False,5.257,13.89,0.3103,5.384,2000,13053,15053
iccad1,NHS32_4,FP,gradcam_plus,30,False,5.361,18.611,0.2277,7.623,1583,13470,15053
iccad1,NHS32_4,FP,layercam,30,False,8.427,13.115,0.3301,4.739,5367,9686,15053
iccad1,NHS32_4,FP,occlusion,30,False,9.9,17.096,0.3231,6.292,5343,9710,15053
iccad2,HSCAD216,TP,gradcam,10,False,6.542,5.55,0.5496,2.105,3338,1680,5018
iccad2,HSCAD216,TP,gradcam_plus,10,False,2.493,29.203,0.075,13.462,73,4945,5018
iccad2,HSCAD216,TP,layercam,10,False,5.458,6.061,0.4568,1.893,2378,2640,5018
iccad2,HSCAD216,TP,occlusion,10,False,5.378,7.625,0.4303,2.302,2306,2712,5018
iccad2,HSCAD216,TP,gradcam,20,False,6.586,8.295,0.4977,2.686,5423,4612,10035
iccad2,HSCAD216,TP,gradcam_plus,20,False,8.253,24.758,0.1235,10.708,870,9165,10035
iccad2,HSCAD216,TP,layercam,20,False,5.581,7.036,0.4313,2.208,4373,5662,10035
iccad2,HSCAD216,TP,occlusion,20,False,7.229,6.772,0.4985,2.512,5364,4671,10035
iccad2,HSCAD216,TP,gradcam,30,False,6.887,8.768,0.47,2.962,6771,8282,15053
iccad2,HSCAD216,TP,gradcam_plus,30,False,11.619,22.426,0.2758,8.736,4201,10852,15053
iccad2,HSCAD216,TP,layercam,30,False,5.613,8.539,0.3966,2.693,6047,9006,15053
iccad2,HSCAD216,TP,occlusion,30,False,8.08,7.323,0.5196,2.875,8335,6718,15053
iccad2,HSCAD2146,TP,gradcam,10,False,6.915,6.364,0.5317,2.332,2679,2339,5018
iccad2,HSCAD2146,TP,gradcam_plus,10,False,4.676,26.436,0.1178,11.428,387,4631,5018
iccad2,HSCAD2146,TP,layercam,10,False,5.333,5.504,0.4502,1.71,2595,2423,5018
iccad2,HSCAD2146,TP,occlusion,10,False,5.228,5.988,0.4456,1.823,2354,2664,5018
iccad2,HSCAD2146,TP,gradcam,20,False,7.085,8.252,0.4549,2.889,4137,5898,10035
iccad2,HSCAD2146,TP,gradcam_plus,20,False,5.035,21.206,0.1893,8.714,1152,8883,10035
iccad2,HSCAD2146,TP,layercam,20,False,5.301,7.343,0.3957,2.249,4227,5808,10035
iccad2,HSCAD2146,TP,occlusion,20,False,7.393,6.867,0.4713,2.572,5065,4970,10035
iccad2,HSCAD2146,TP,gradcam,30,False,7.188,10.626,0.4168,3.656,5796,9257,15053
iccad2,HSCAD2146,TP,gradcam_plus,30,False,5.094,20.389,0.2061,7.967,2486,12567,15053
iccad2,HSCAD2146,TP,layercam,30,False,5.473,8.832,0.3741,2.783,5776,9277,15053
iccad2,HSCAD2146,TP,occlusion,30,False,8.704,9.45,0.461,3.55,7310,7743,15053
iccad2,HSCAD2155,TP,gradcam,10,False,5.658,6.915,0.4973,2.148,2475,2543,5018
iccad2,HSCAD2155,TP,gradcam_plus,10,False,2.459,24.681,0.0964,11.097,135,4883,5018
iccad2,HSCAD2155,TP,layercam,10,False,5.367,6.203,0.4144,1.909,2397,2621,5018
iccad2,HSCAD2155,TP,occlusion,10,False,5.212,7.579,0.3951,2.29,2146,2872,5018
iccad2,HSCAD2155,TP,gradcam,20,False,5.94,7.719,0.4591,2.493,4165,5870,10035
iccad2,HSCAD2155,TP,gradcam_plus,20,False,4.58,22.669,0.1254,9.614,850,9185,10035
iccad2,HSCAD2155,TP,layercam,20,False,5.429,7.798,0.3752,2.44,3991,6044,10035
iccad2,HSCAD2155,TP,occlusion,20,False,7.506,8.077,0.4545,2.906,4832,5203,10035
iccad2,HSCAD2155,TP,gradcam,30,False,6.109,8.32,0.4327,2.746,5671,9382,15053
iccad2,HSCAD2155,TP,gradcam_plus,30,False,5.185,21.65,0.1414,8.915,1745,13308,15053
iccad2,HSCAD2155,TP,layercam,30,False,5.517,9.258,0.3492,2.957,5527,9526,15053
iccad2,HSCAD2155,TP,occlusion,30,False,8.146,8.262,0.4723,3.107,7661,7392,15053
iccad2,NNHSCAD23820_8,FP,gradcam,10,False,5.831,5.206,0.5144,1.765,2585,2433,5018
iccad2,NNHSCAD23820_8,FP,gradcam_plus,10,False,4.98,5.704,0.4101,1.676,2533,2485,5018
iccad2,NNHSCAD23820_8,FP,layercam,10,False,5.504,5.462,0.4744,1.742,2568,2450,5018
iccad2,NNHSCAD23820_8,FP,occlusion,10,False,5.45,4.715,0.477,1.559,2748,2270,5018
iccad2,NNHSCAD23820_8,FP,gradcam,20,False,5.8,6.386,0.4639,2.056,4779,5256,10035
iccad2,NNHSCAD23820_8,FP,gradcam_plus,20,False,5.813,11.661,0.3484,3.584,4312,5723,10035
iccad2,NNHSCAD23820_8,FP,layercam,20,False,5.573,7.584,0.4149,2.348,4479,5556,10035
iccad2,NNHSCAD23820_8,FP,occlusion,20,False,7.605,9.475,0.4554,3.254,5184,4851,10035
iccad2,NNHSCAD23820_8,FP,gradcam,30,False,5.99,7.491,0.4425,2.441,6169,8884,15053
iccad2,NNHSCAD23820_8,FP,gradcam_plus,30,False,5.677,16.41,0.2978,5.242,5542,9511,15053
iccad2,NNHSCAD23820_8,FP,layercam,30,False,5.89,9.606,0.3786,3.082,5929,9124,15053
iccad2,NNHSCAD23820_8,FP,occlusion,30,False,8.979,11.258,0.4552,4.04,7777,7276,15053
iccad2,NNHSCAD22521_9,FP,gradcam,10,False,5.54,5.29,0.4916,1.707,2435,2583,5018
iccad2,NNHSCAD22521_9,FP,gradcam_plus,10,False,5.909,5.117,0.4784,1.773,2705,2313,5018
iccad2,NNHSCAD22521_9,FP,layercam,10,False,5.371,5.274,0.4764,1.663,2576,2442,5018
iccad2,NNHSCAD22521_9,FP,occlusion,10,False,5.404,4.788,0.4735,1.562,2734,2284,5018
iccad2,NNHSCAD22521_9,FP,gradcam,20,False,5.351,8.345,0.4168,2.552,4176,5859,10035
iccad2,NNHSCAD22521_9,FP,gradcam_plus,20,False,5.321,4.987,0.4355,1.587,5455,4580,10035
iccad2,NNHSCAD22521_9,FP,layercam,20,False,5.357,7.776,0.4108,2.363,4384,5651,10035
iccad2,NNHSCAD22521_9,FP,occlusion,20,False,7.08,8.742,0.4427,2.947,5123,4912,10035
iccad2,NNHSCAD22521_9,FP,gradcam,30,False,5.567,8.77,0.4118,2.784,5681,9372,15053
iccad2,NNHSCAD22521_9,FP,gradcam_plus,30,False,5.235,10.016,0.355,3.111,5692,9361,15053
iccad2,NNHSCAD22521_9,FP,layercam,30,False,5.568,10.89,0.3669,3.44,5728,9325,15053
iccad2,NNHSCAD22521_9,FP,occlusion,30,False,8.087,10.242,0.439,3.586,7486,7567,15053
iccad2,NNHSCAD24052_9,FP,gradcam,10,False,5.528,5.507,0.4838,1.761,2421,2597,5018
iccad2,NNHSCAD24052_9,FP,gradcam_plus,10,False,5.051,4.9,0.4212,1.495,2708,2310,5018
iccad2,NNHSCAD24052_9,FP,layercam,10,False,5.519,5.864,0.4583,1.845,2567,2451,5018
iccad2,NNHSCAD24052_9,FP,occlusion,10,False,5.415,4.752,0.4682,1.557,2719,2299,5018
iccad2,NNHSCAD24052_9,FP,gradcam,20,False,5.531,7.28,0.4261,2.249,4505,5530,10035
iccad2,NNHSCAD24052_9,FP,gradcam_plus,20,False,5.895,12.927,0.348,3.997,4213,5822,10035
iccad2,NNHSCAD24052_9,FP,layercam,20,False,5.666,8.284,0.4095,2.568,4436,5599,10035
iccad2,NNHSCAD24052_9,FP,occlusion,20,False,7.57,9.062,0.4469,3.149,5154,4881,10035
iccad2,NNHSCAD24052_9,FP,gradcam,30,False,5.525,7.961,0.428,2.477,6251,8802,15053
iccad2,NNHSCAD24052_9,FP,gradcam_plus,30,False,5.794,20.058,0.2733,6.8,4723,10330,15053
iccad2,NNHSCAD24052_9,FP,layercam,30,False,6.198,10.549,0.3783,3.437,5858,9195,15053
iccad2,NNHSCAD24052_9,FP,occlusion,30,False,8.872,11.404,0.4368,4.079,7440,7613,15053
iccad3,HSCAD31047,TP,gradcam,10,False,5.938,5.283,0.4482,1.857,3171,1847,5018
iccad3,HSCAD31047,TP,gradcam_plus,10,False,5.522,4.634,0.4676,1.577,2912,2106,5018
iccad3,HSCAD31047,TP,layercam,10,False,5.419,6.139,0.4448,1.892,2524,2494,5018
iccad3,HSCAD31047,TP,occlusion,10,False,5.48,4.702,0.4865,1.566,2773,2245,5018
iccad3,HSCAD31047,TP,gradcam,20,False,5.315,5.501,0.4591,1.713,4975,5060,10035
iccad3,HSCAD31047,TP,gradcam_plus,20,False,5.574,5.564,0.4587,1.789,5241,4794,10035
iccad3,HSCAD31047,TP,layercam,20,False,5.492,7.251,0.4072,2.227,4641,5394,10035
iccad3,HSCAD31047,TP,occlusion,20,False,5.373,8.198,0.4175,2.44,4720,5315,10035
iccad3,HSCAD31047,TP,gradcam,30,False,5.219,6.414,0.4184,1.956,6643,8410,15053
iccad3,HSCAD31047,TP,gradcam_plus,30,False,5.557,6.023,0.4321,1.901,7585,7468,15053
iccad3,HSCAD31047,TP,layercam,30,False,5.395,8.027,0.3822,2.443,6650,8403,15053
iccad3,HSCAD31047,TP,occlusion,30,False,5.343,10.94,0.3615,3.384,5904,9149,15053
iccad3,HSCAD31012,TP,gradcam,10,False,5.699,5.487,0.4408,1.811,2936,2082,5018
iccad3,HSCAD31012,TP,gradcam_plus,10,False,5.243,4.657,0.4477,1.493,2778,2240,5018
iccad3,HSCAD31012,TP,layercam,10,False,5.479,5.774,0.4338,1.814,2609,2409,5018
iccad3,HSCAD31012,TP,occlusion,10,False,5.415,5.745,0.4549,1.789,2592,2426,5018
iccad3,HSCAD31012,TP,gradcam,20,False,5.41,6.531,0.4284,2.011,4715,5320,10035
iccad3,HSCAD31012,TP,gradcam_plus,20,False,5.518,5.656,0.4364,1.8,4697,5338,10035
iccad3,HSCAD31012,TP,layercam,20,False,5.446,7.026,0.4061,2.146,4725,5310,10035
iccad3,HSCAD31012,TP,occlusion,20,False,5.402,9.003,0.4055,2.708,4459,5576,10035
iccad3,HSCAD31012,TP,gradcam,30,False,5.283,7.667,0.3962,2.373,5941,9112,15053
iccad3,HSCAD31012,TP,gradcam_plus,30,False,5.318,6.051,0.4245,1.872,6579,8474,15053
iccad3,HSCAD31012,TP,layercam,30,False,5.392,7.915,0.383,2.416,6552,8501,15053
iccad3,HSCAD31012,TP,occlusion,30,False,5.356,10.597,0.358,3.27,5968,9085,15053
iccad3,HSCAD31060,TP,gradcam,10,False,5.514,7.304,0.3694,2.221,2485,2533,5018
iccad3,HSCAD31060,TP,gradcam_plus,10,True,5.377,13.75,0.3895,4.19,2023,2995,5018
iccad3,HSCAD31060,TP,layercam,10,False,5.522,6.743,0.4028,2.076,2492,2526,5018
iccad3,HSCAD31060,TP,occlusion,10,False,5.437,8.831,0.3909,2.75,1999,3019,5018
iccad3,HSCAD31060,TP,gradcam,20,False,5.295,7.885,0.3694,2.424,4127,5908,10035
iccad3,HSCAD31060,TP,gradcam_plus,20,True,5.322,14.092,0.3747,4.433,3701,6334,10035
iccad3,HSCAD31060,TP,layercam,20,False,5.512,7.423,0.392,2.271,4716,5319,10035
iccad3,HSCAD31060,TP,occlusion,20,False,5.415,9.121,0.3825,2.817,4093,5942,10035
iccad3,HSCAD31060,TP,gradcam,30,False,5.22,8.182,0.3612,2.547,5695,9358,15053
iccad3,HSCAD31060,TP,gradcam_plus,30,True,5.176,13.707,0.3389,4.394,5183,9870,15053
iccad3,HSCAD31060,TP,layercam,30,False,5.401,7.62,0.3816,2.329,6667,8386,15053
iccad3,HSCAD31060,TP,occlusion,30,False,5.323,10.458,0.3489,3.296,5565,9488,15053
iccad3,NNHSCAD33591_8,FP,gradcam,10,False,5.836,5.108,0.5172,1.772,3009,2009,5018
iccad3,NNHSCAD33591_8,FP,gradcam_plus,10,False,9.414,11.205,0.4695,4.067,3025,1993,5018
iccad3,NNHSCAD33591_8,FP,layercam,10,False,5.361,5.184,0.4957,1.64,2585,2433,5018
iccad3,NNHSCAD33591_8,FP,occlusion,10,False,5.188,5.148,0.5017,1.584,2428,2590,5018
iccad3,NNHSCAD33591_8,FP,gradcam,20,False,5.407,5.324,0.5016,1.683,4816,5219,10035
iccad3,NNHSCAD33591_8,FP,gradcam_plus,20,False,7.58,10.965,0.4361,3.69,4738,5297,10035
iccad3,NNHSCAD33591_8,FP,layercam,20,False,5.52,5.802,0.4784,1.836,4958,5077,10035
iccad3,NNHSCAD33591_8,FP,occlusion,20,False,5.232,7.44,0.4632,2.244,4373,5662,10035
iccad3,NNHSCAD33591_8,FP,gradcam,30,False,5.371,5.35,0.4869,1.681,7309,7744,15053
iccad3,NNHSCAD33591_8,FP,gradcam_plus,30,False,6.818,10.398,0.3999,3.469,6201,8852,15053
iccad3,NNHSCAD33591_8,FP,layercam,30,False,5.728,6.415,0.4584,2.047,7321,7732,15053
iccad3,NNHSCAD33591_8,FP,occlusion,30,False,5.3,9.523,0.4254,2.925,6018,9035,15053
iccad3,NHSCAD31051_2,FP,gradcam,10,False,5.767,6.035,0.4449,1.951,2827,2191,5018
iccad3,NHSCAD31051_2,FP,gradcam_plus,10,False,5.727,5.019,0.4832,1.699,2669,2349,5018
iccad3,NHSCAD31051_2,FP,layercam,10,False,5.436,6.661,0.4405,2.045,2401,2617,5018
iccad3,NHSCAD31051_2,FP,occlusion,10,False,5.442,6.99,0.4359,2.133,2404,2614,5018
iccad3,NHSCAD31051_2,FP,gradcam,20,False,5.278,6.482,0.4338,1.983,4466,5569,10035
iccad3,NHSCAD31051_2,FP,gradcam_plus,20,False,5.566,5.61,0.4698,1.798,4941,5094,10035
iccad3,NHSCAD31051_2,FP,layercam,20,False,5.474,7.064,0.4151,2.169,4676,5359,10035
iccad3,NHSCAD31051_2,FP,occlusion,20,False,5.347,10.132,0.3753,3.145,3913,6122,10035
iccad3,NHSCAD31051_2,FP,gradcam,30,False,5.179,6.648,0.4168,2.036,6147,8906,15053
iccad3,NHSCAD31051_2,FP,gradcam_plus,30,False,5.476,6.53,0.4254,2.018,7270,7783,15053
iccad3,NHSCAD31051_2,FP,layercam,30,False,5.408,7.465,0.3956,2.275,6817,8236,15053
iccad3,NHSCAD31051_2,FP,occlusion,30,False,5.338,10.622,0.3575,3.306,5790,9263,15053
iccad3,NHSCAD31011_8,FP,gradcam,10,False,5.765,5.546,0.4422,1.847,2789,2229,5018
iccad3,NHSCAD31011_8,FP,gradcam_plus,10,False,5.915,5.648,0.4797,1.898,2766,2252,5018
iccad3,NHSCAD31011_8,FP,layercam,10,False,5.587,5.297,0.4848,1.727,2679,2339,5018
iccad3,NHSCAD31011_8,FP,occlusion,10,False,5.48,4.714,0.4965,1.569,2773,2245,5018
iccad3,NHSCAD31011_8,FP,gradcam,20,False,5.329,5.985,0.4349,1.846,4862,5173,10035
iccad3,NHSCAD31011_8,FP,gradcam_plus,20,False,5.456,9.717,0.4258,2.898,4532,5503,10035
iccad3,NHSCAD31011_8,FP,layercam,20,False,5.452,5.98,0.4508,1.861,5032,5003,10035
iccad3,NHSCAD31011_8,FP,occlusion,20,False,5.385,8.347,0.4306,2.504,4565,5470,10035
iccad3,NHSCAD31011_8,FP,gradcam,30,False,5.223,6.875,0.4149,2.121,6013,9040,15053
iccad3,NHSCAD31011_8,FP,gradcam_plus,30,False,5.38,12.498,0.3814,3.824,6033,9020,15053
iccad3,NHSCAD31011_8,FP,layercam,30,False,5.393,6.505,0.4283,1.989,7276,7777,15053
iccad3,NHSCAD31011_8,FP,occlusion,30,False,5.279,10.281,0.3759,3.147,6055,8998,15053
iccad4,HSCAD427,TP,gradcam,10,False,5.12,5.603,0.4273,1.704,2140,2878,5018
iccad4,HSCAD427,TP,gradcam_plus,10,True,3.474,20.18,0.2293,7.643,882,4136,5018
iccad4,HSCAD427,TP,layercam,10,False,5.41,9.122,0.3495,2.913,1815,3203,5018
iccad4,HSCAD427,TP,occlusion,10,False,5.271,10.513,0.3396,3.28,1905,3113,5018
iccad4,HSCAD427,TP,gradcam,20,False,5.043,5.558,0.4164,1.663,4744,5291,10035
iccad4,HSCAD427,TP,gradcam_plus,20,True,4.818,20.979,0.2445,7.386,2643,7392,10035
iccad4,HSCAD427,TP,layercam,20,False,5.366,9.835,0.3273,3.189,3388,6647,10035
iccad4,HSCAD427,TP,occlusion,20,False,5.241,11.206,0.3303,3.505,3750,6285,10035
iccad4,HSCAD427,TP,gradcam,30,False,5.199,5.638,0.4097,1.718,7392,7661,15053
iccad4,HSCAD427,TP,gradcam_plus,30,True,4.975,19.828,0.2426,7.035,3859,11194,15053
iccad4,HSCAD427,TP,layercam,30,False,5.296,10.869,0.3138,3.547,4938,10115,15053
iccad4,HSCAD427,TP,occlusion,30,False,5.234,10.941,0.3342,3.376,5841,9212,15053
iccad4,HSCAD4158,TP,gradcam,10,False,5.277,5.315,0.4152,1.659,2405,2613,5018
iccad4,HSCAD4158,TP,gradcam_plus,10,False,5.155,5.693,0.325,1.732,2433,2585,5018
iccad4,HSCAD4158,TP,layercam,10,False,5.256,9.802,0.337,3.284,1418,3600,5018
iccad4,HSCAD4158,TP,occlusion,10,False,5.248,9.919,0.3144,3.126,1839,3179,5018
iccad4,HSCAD4158,TP,gradcam,20,False,5.304,6.34,0.3471,1.94,4724,5311,10035
iccad4,HSCAD4158,TP,gradcam_plus,20,False,5.199,7.755,0.3072,2.374,4090,5945,10035
iccad4,HSCAD4158,TP,layercam,20,False,5.326,11.538,0.3029,3.937,2760,7275,10035
iccad4,HSCAD4158,TP,occlusion,20,False,5.288,13.992,0.2715,4.731,2970,7065,10035
iccad4,HSCAD4158,TP,gradcam,30,False,5.446,7.763,0.308,2.402,6422,8631,15053
iccad4,HSCAD4158,TP,gradcam_plus,30,False,5.482,10.04,0.2834,3.195,5569,9484,15053
iccad4,HSCAD4158,TP,layercam,30,False,5.394,13.245,0.2735,4.6,4008,11045,15053
iccad4,HSCAD4158,TP,occlusion,30,False,5.285,14.917,0.2501,5.221,3944,11109,15053
iccad4,HSCAD497,TP,gradcam,10,False,5.496,10.22,0.3613,3.117,2125,2893,5018
iccad4,HSCAD497,TP,gradcam_plus,10,False,4.333,27.267,0.1095,12.23,186,4832,5018
iccad4,HSCAD497,TP,layercam,10,False,5.431,9.306,0.3672,2.914,1953,3065,5018
iccad4,HSCAD497,TP,occlusion,10,False,5.326,11.644,0.3166,3.72,1776,3242,5018
iccad4,HSCAD497,TP,gradcam,20,False,5.55,11.903,0.3149,3.599,4309,5726,10035
iccad4,HSCAD497,TP,gradcam_plus,20,False,5.464,24.173,0.1823,9.229,2015,8020,10035
iccad4,HSCAD497,TP,layercam,20,False,5.489,11.719,0.3245,3.812,3426,6609,10035
iccad4,HSCAD497,TP,occlusion,20,False,5.323,12.726,0.3261,3.956,3838,6197,10035
iccad4,HSCAD497,TP,gradcam,30,False,5.426,13.704,0.2937,4.24,5902,9151,15053
iccad4,HSCAD497,TP,gradcam_plus,30,False,5.322,20.604,0.2116,7.512,3565,11488,15053
iccad4,HSCAD497,TP,layercam,30,False,5.39,13.138,0.3014,4.399,4610,10443,15053
iccad4,HSCAD497,TP,occlusion,30,False,5.323,15.889,0.289,5.282,4774,10279,15053
iccad4,NHSCAD418_6,FP,gradcam,10,False,4.616,6.068,0.4297,1.804,1662,3356,5018
iccad4,NHSCAD418_6,FP,gradcam_plus,10,True,2.0,27.285,0.1162,12.174,192,4826,5018
iccad4,NHSCAD418_6,FP,layercam,10,False,5.296,7.851,0.4078,2.534,1612,3406,5018
iccad4,NHSCAD418_6,FP,occlusion,10,False,4.956,12.491,0.3106,4.025,1654,3364,5018
iccad4,NHSCAD418_6,FP,gradcam,20,False,4.813,6.674,0.4325,1.991,3846,6189,10035
iccad4,NHSCAD418_6,FP,gradcam_plus,20,True,5.04,24.988,0.2221,9.056,2465,7570,10035
iccad4,NHSCAD418_6,FP,layercam,20,False,5.323,9.026,0.378,2.945,3179,6856,10035
iccad4,NHSCAD418_6,FP,occlusion,20,False,5.151,14.024,0.2947,4.715,2984,7051,10035
iccad4,NHSCAD418_6,FP,gradcam,30,False,5.109,6.796,0.4274,2.055,6294,8759,15053
iccad4,NHSCAD418_6,FP,gradcam_plus,30,True,5.234,44.078,0.2131,16.84,3262,11791,15053
iccad4,NHSCAD418_6,FP,layercam,30,False,5.235,10.366,0.3666,3.4,4691,10362,15053
iccad4,NHSCAD418_6,FP,occlusion,30,False,5.222,14.037,0.3088,4.703,4568,10485,15053
iccad4,NHSCAD4147_4,FP,gradcam,10,False,4.616,6.428,0.431,1.864,1990,3028,5018
iccad4,NHSCAD4147_4,FP,gradcam_plus,10,True,4.271,14.903,0.2871,5.291,1115,3903,5018
iccad4,NHSCAD4147_4,FP,layercam,10,False,5.179,7.431,0.3961,2.319,1857,3161,5018
iccad4,NHSCAD4147_4,FP,occlusion,10,False,5.272,9.875,0.3683,3.036,1996,3022,5018
iccad4,NHSCAD4147_4,FP,gradcam,20,False,5.145,7.667,0.3953,2.301,4336,5699,10035
iccad4,NHSCAD4147_4,FP,gradcam_plus,20,True,4.972,13.441,0.3176,4.312,3378,6657,10035
iccad4,NHSCAD4147_4,FP,layercam,20,False,5.286,9.012,0.3608,2.894,3417,6618,10035
iccad4,NHSCAD4147_4,FP,occlusion,20,False,5.245,12.118,0.3207,3.88,3504,6531,10035
iccad4,NHSCAD4147_4,FP,gradcam,30,False,5.113,8.677,0.3734,2.664,5820,9233,15053
iccad4,NHSCAD4147_4,FP,gradcam_plus,30,True,5.108,25.732,0.267,9.178,3959,11094,15053
iccad4,NHSCAD4147_4,FP,layercam,30,False,5.345,10.687,0.3382,3.53,4720,10333,15053
iccad4,NHSCAD4147_4,FP,occlusion,30,False,5.243,14.037,0.3001,4.673,4698,10355,15053
iccad4,NNHSCAD4602_8,FP,gradcam,10,False,4.863,6.371,0.412,1.929,1796,3222,5018
iccad4,NNHSCAD4602_8,FP,gradcam_plus,10,True,2.0,26.637,0.1163,11.866,192,4826,5018
iccad4,NNHSCAD4602_8,FP,layercam,10,False,5.273,7.759,0.395,2.47,1738,3280,5018
iccad4,NNHSCAD4602_8,FP,occlusion,10,False,5.241,12.635,0.3236,4.199,1552,3466,5018
iccad4,NNHSCAD4602_8,FP,gradcam,20,False,4.811,6.92,0.4097,2.087,3683,6352,10035
iccad4,NNHSCAD4602_8,FP,gradcam_plus,20,True,5.04,24.575,0.2183,8.902,2465,7570,10035
iccad4,NNHSCAD4602_8,FP,layercam,20,False,5.231,8.67,0.3613,2.81,3184,6851,10035
iccad4,NNHSCAD4602_8,FP,occlusion,20,False,5.264,12.451,0.336,3.979,3536,6499,10035
iccad4,NNHSCAD4602_8,FP,gradcam,30,False,5.18,7.396,0.399,2.262,6104,8949,15053
iccad4,NNHSCAD4602_8,FP,gradcam_plus,30,True,5.225,30.074,0.2153,11.288,3352,11701,15053
iccad4,NNHSCAD4602_8,FP,layercam,30,False,5.23,9.695,0.3423,3.195,4534,10519,15053
iccad4,NNHSCAD4602_8,FP,occlusion,30,False,5.275,13.481,0.3297,4.408,4970,10083,15053
iccad5,HSCAD50,TP,gradcam,10,True,5.053,12.437,0.3137,4.172,1429,3589,5018
iccad5,HSCAD50,TP,gradcam_plus,10,True,5.053,12.437,0.3137,4.172,1429,3589,5018
iccad5,HSCAD50,TP,layercam,10,True,5.053,12.437,0.3137,4.172,1429,3589,5018
iccad5,HSCAD50,TP,occlusion,10,True,5.053,12.437,0.3137,4.172,1429,3589,5018
iccad5,HSCAD50,TP,gradcam,20,True,5.115,14.022,0.2876,4.745,2863,7172,10035
iccad5,HSCAD50,TP,gradcam_plus,20,True,5.115,14.022,0.2876,4.745,2863,7172,10035
iccad5,HSCAD50,TP,layercam,20,True,5.115,14.022,0.2876,4.745,2863,7172,10035
iccad5,HSCAD50,TP,occlusion,20,True,5.115,14.022,0.2876,4.745,2863,7172,10035
iccad5,HSCAD50,TP,gradcam,30,True,5.127,13.674,0.2663,4.665,4157,10896,15053
iccad5,HSCAD50,TP,gradcam_plus,30,True,5.127,13.674,0.2663,4.665,4157,10896,15053
iccad5,HSCAD50,TP,layercam,30,True,5.127,13.674,0.2663,4.665,4157,10896,15053
iccad5,HSCAD50,TP,occlusion,30,True,5.127,13.674,0.2663,4.665,4157,10896,15053
iccad5,HSCAD51,TP,gradcam,10,True,5.348,11.889,0.3202,3.826,1737,3281,5018
iccad5,HSCAD51,TP,gradcam_plus,10,True,5.348,11.889,0.3202,3.826,1737,3281,5018
iccad5,HSCAD51,TP,layercam,10,True,5.348,11.889,0.3202,3.826,1737,3281,5018
iccad5,HSCAD51,TP,occlusion,10,True,5.348,11.889,0.3202,3.826,1737,3281,5018
iccad5,HSCAD51,TP,gradcam,20,True,5.282,12.968,0.3115,4.235,3297,6738,10035
iccad5,HSCAD51,TP,gradcam_plus,20,True,5.282,12.968,0.3115,4.235,3297,6738,10035
iccad5,HSCAD51,TP,layercam,20,True,5.282,12.968,0.3115,4.235,3297,6738,10035
iccad5,HSCAD51,TP,occlusion,20,True,5.282,12.968,0.3115,4.235,3297,6738,10035
iccad5,HSCAD51,TP,gradcam,30,True,5.192,13.869,0.2851,4.662,4485,10568,15053
iccad5,HSCAD51,TP,gradcam_plus,30,True,5.192,13.869,0.2851,4.662,4485,10568,15053
iccad5,HSCAD51,TP,layercam,30,True,5.192,13.869,0.2851,4.662,4485,10568,15053
iccad5,HSCAD51,TP,occlusion,30,True,5.192,13.869,0.2851,4.662,4485,10568,15053
iccad5,HSCAD510,TP,gradcam,10,True,5.521,25.194,0.2837,8.654,1503,3515,5018
iccad5,HSCAD510,TP,gradcam_plus,10,True,5.521,25.194,0.2837,8.654,1503,3515,5018
iccad5,HSCAD510,TP,layercam,10,True,5.521,25.194,0.2837,8.654,1503,3515,5018
iccad5,HSCAD510,TP,occlusion,10,True,5.521,25.194,0.2837,8.654,1503,3515,5018
iccad5,HSCAD510,TP,gradcam,20,True,5.166,23.581,0.3033,8.054,2989,7046,10035
iccad5,HSCAD510,TP,gradcam_plus,20,True,5.166,23.581,0.3033,8.054,2989,7046,10035
iccad5,HSCAD510,TP,layercam,20,True,5.166,23.581,0.3033,8.054,2989,7046,10035
iccad5,HSCAD510,TP,occlusion,20,True,5.166,23.581,0.3033,8.054,2989,7046,10035
iccad5,HSCAD510,TP,gradcam,30,True,5.316,23.892,0.2821,8.175,4506,10547,15053
iccad5,HSCAD510,TP,gradcam_plus,30,True,5.316,23.892,0.2821,8.175,4506,10547,15053
iccad5,HSCAD510,TP,layercam,30,True,5.316,23.892,0.2821,8.175,4506,10547,15053
iccad5,HSCAD510,TP,occlusion,30,True,5.316,23.892,0.2821,8.175,4506,10547,15053
iccad5,NNHSCAD5994_4,FP,gradcam,10,False,6.076,5.898,0.3554,2.019,3060,1958,5018
iccad5,NNHSCAD5994_4,FP,gradcam_plus,10,True,6.468,23.521,0.2327,8.647,1248,3770,5018
iccad5,NNHSCAD5994_4,FP,layercam,10,False,5.947,11.533,0.3362,4.216,1022,3996,5018
iccad5,NNHSCAD5994_4,FP,occlusion,10,False,5.287,13.359,0.2706,4.46,1542,3476,5018
iccad5,NNHSCAD5994_4,FP,gradcam,20,False,6.269,6.289,0.3323,2.15,6231,3804,10035
iccad5,NNHSCAD5994_4,FP,gradcam_plus,20,True,6.463,23.46,0.2382,8.602,2519,7516,10035
iccad5,NNHSCAD5994_4,FP,layercam,20,False,5.96,14.253,0.3007,5.204,2283,7752,10035
iccad5,NNHSCAD5994_4,FP,occlusion,20,False,5.743,14.67,0.2521,5.11,2823,7212,10035
iccad5,NNHSCAD5994_4,FP,gradcam,30,False,6.128,7.02,0.3238,2.274,8310,6743,15053
iccad5,NNHSCAD5994_4,FP,gradcam_plus,30,True,6.393,23.203,0.2261,8.573,3645,11408,15053
iccad5,NNHSCAD5994_4,FP,layercam,30,False,5.906,17.056,0.2713,6.29,3416,11637,15053
iccad5,NNHSCAD5994_4,FP,occlusion,30,False,5.646,17.248,0.2123,6.387,3286,11767,15053
iccad5,NHSCAD50_8,FP,gradcam,10,True,5.247,14.902,0.2805,5.055,1451,3567,5018
iccad5,NHSCAD50_8,FP,gradcam_plus,10,True,5.247,14.902,0.2805,5.055,1451,3567,5018
iccad5,NHSCAD50_8,FP,layercam,10,True,5.247,14.902,0.2805,5.055,1451,3567,5018
iccad5,NHSCAD50_8,FP,occlusion,10,True,5.247,14.902,0.2805,5.055,1451,3567,5018
iccad5,NHSCAD50_8,FP,gradcam,20,True,5.242,15.096,0.2706,5.206,2736,7299,10035
iccad5,NHSCAD50_8,FP,gradcam_plus,20,True,5.242,15.096,0.2706,5.206,2736,7299,10035
iccad5,NHSCAD50_8,FP,layercam,20,True,5.242,15.096,0.2706,5.206,2736,7299,10035
iccad5,NHSCAD50_8,FP,occlusion,20,True,5.242,15.096,0.2706,5.206,2736,7299,10035
iccad5,NHSCAD50_8,FP,gradcam,30,True,5.156,14.978,0.2526,5.211,3935,11118,15053
iccad5,NHSCAD50_8,FP,gradcam_plus,30,True,5.156,14.978,0.2526,5.211,3935,11118,15053
iccad5,NHSCAD50_8,FP,layercam,30,True,5.156,14.978,0.2526,5.211,3935,11118,15053
iccad5,NHSCAD50_8,FP,occlusion,30,True,5.156,14.978,0.2526,5.211,3935,11118,15053
iccad5,NHSCAD51_1,FP,gradcam,10,True,6.187,15.284,0.3951,4.853,1981,3037,5018
iccad5,NHSCAD51_1,FP,gradcam_plus,10,True,6.187,15.284,0.3951,4.853,1981,3037,5018
iccad5,NHSCAD51_1,FP,layercam,10,True,6.187,15.284,0.3951,4.853,1981,3037,5018
iccad5,NHSCAD51_1,FP,occlusion,10,True,6.187,15.284,0.3951,4.853,1981,3037,5018
iccad5,NHSCAD51_1,FP,gradcam,20,True,5.954,15.785,0.3784,5.055,3770,6265,10035
iccad5,NHSCAD51_1,FP,gradcam_plus,20,True,5.954,15.785,0.3784,5.055,3770,6265,10035
iccad5,NHSCAD51_1,FP,layercam,20,True,5.954,15.785,0.3784,5.055,3770,6265,10035
iccad5,NHSCAD51_1,FP,occlusion,20,True,5.954,15.785,0.3784,5.055,3770,6265,10035
iccad5,NHSCAD51_1,FP,gradcam,30,True,5.817,16.051,0.3516,5.184,5452,9601,15053
iccad5,NHSCAD51_1,FP,gradcam_plus,30,True,5.817,16.051,0.3516,5.184,5452,9601,15053
iccad5,NHSCAD51_1,FP,layercam,30,True,5.817,16.051,0.3516,5.184,5452,9601,15053
iccad5,NHSCAD51_1,FP,occlusion,30,True,5.817,16.051,0.3516,5.184,5452,9601,15053
