method,level_pct,feature,tp_n,fp_n,tp_n_degenerate_excluded,fp_n_degenerate_excluded,tp_median,tp_iqr,tp_mean,tp_std,fp_median,fp_iqr,fp_mean,fp_std,mannwhitney_u,p_value,auc_tp_vs_fp,cliffs_delta
gradcam,10,mean_local_width_px,12,13,3,2,5.505,0.745,5.4122,0.8361,5.528,1.151,4.9627,0.99,89.0,0.5678406466053417,0.5705,0.141
gradcam,10,mean_local_gap_px,12,13,3,2,6.6395,5.508,8.3616,3.5771,6.035,0.921,6.7655,2.0998,96.0,0.3411606266705748,0.6154,0.2308
gradcam,10,mean_local_density,12,13,3,2,0.4212,0.1016,0.4225,0.071,0.4422,0.0796,0.4433,0.055,61.5,0.38405306834676844,0.3942,-0.2115
gradcam,10,mean_boundary_distance_px,12,13,3,2,2.1845,1.836,2.9682,1.5388,1.864,0.247,2.3011,0.9587,101.0,0.22101309719361817,0.6474,0.2949
gradcam,20,mean_local_width_px,12,13,3,2,5.3625,0.737,5.6151,0.7118,5.278,0.596,5.1118,0.6004,106.0,0.13470504984007844,0.6795,0.359
gradcam,20,mean_local_gap_px,12,13,3,2,8.0685,5.9478,9.2451,3.3426,6.92,1.959,7.7305,2.1304,97.0,0.31428698551892353,0.6218,0.2436
gradcam,20,mean_local_density,12,13,3,2,0.3929,0.1286,0.3933,0.0634,0.4261,0.0396,0.415,0.0496,59.0,0.3141939057161439,0.3782,-0.2436
gradcam,20,mean_boundary_distance_px,12,13,3,2,2.5895,2.0727,3.2066,1.5233,2.15,0.561,2.5712,1.0026,95.0,0.36946194274750377,0.609,0.2179
gradcam,30,mean_local_width_px,12,13,3,2,5.436,0.9415,5.6959,0.7414,5.223,0.412,5.278,0.4758,105.5,0.14186292650475738,0.6763,0.3526
gradcam,30,mean_local_gap_px,12,13,3,2,8.544,6.0818,10.173,3.4151,7.491,1.895,8.4482,2.4474,103.0,0.1826551205854452,0.6603,0.3205
gradcam,30,mean_local_density,12,13,3,2,0.3787,0.1102,0.3681,0.0605,0.4149,0.0546,0.3995,0.0511,50.5,0.14186292650475738,0.3237,-0.3526
gradcam,30,mean_boundary_distance_px,12,13,3,2,2.854,2.1692,3.5266,1.5264,2.441,0.663,2.8036,1.0951,102.0,0.20116781630321023,0.6538,0.3077
gradcam_plus,10,mean_local_width_px,10,9,5,6,4.556,0.8135,4.3675,1.022,5.051,0.929,5.5801,1.5258,23.0,0.0791793495755705,0.2556,-0.4889
gradcam_plus,10,mean_local_gap_px,10,9,5,6,21.005,16.9012,18.3886,9.2391,5.704,10.319,10.2681,6.0579,65.0,0.11134688653314041,0.7222,0.4444
gradcam_plus,10,mean_local_density,10,9,5,6,0.217,0.2048,0.2364,0.1366,0.4212,0.2047,0.3858,0.1049,17.0,0.024744672046398936,0.1889,-0.6222
gradcam_plus,10,mean_boundary_distance_px,10,9,5,6,8.7535,8.2368,7.7764,4.3975,1.898,4.564,3.9038,2.7036,64.0,0.1309111278962908,0.7111,0.4222
gradcam_plus,20,mean_local_width_px,10,9,5,6,5.3315,0.6615,5.4412,1.0674,5.456,0.806,5.5886,0.7983,39.0,0.6533789106936937,0.4333,-0.1333
gradcam_plus,20,mean_local_gap_px,10,9,5,6,19.3835,11.871,16.9012,7.213,11.661,6.374,12.1379,4.7382,66.0,0.09416637543787974,0.7333,0.4667
gradcam_plus,20,mean_local_density,10,9,5,6,0.2278,0.1106,0.2536,0.1106,0.3484,0.1598,0.3571,0.0851,21.0,0.055013832353979004,0.2333,-0.5333
gradcam_plus,20,mean_boundary_distance_px,10,9,5,6,8.1015,5.4557,6.7887,3.26,3.69,3.431,4.3291,2.1516,66.0,0.09416637543787974,0.7333,0.4667
gradcam_plus,30,mean_local_width_px,10,9,5,6,5.402,0.3338,5.9681,1.9046,5.38,0.442,5.5389,0.5121,44.0,0.967435545139537,0.4889,-0.0222
gradcam_plus,30,mean_local_gap_px,10,9,5,6,18.8985,8.4102,16.342,6.0792,16.41,8.213,14.5386,4.5462,57.0,0.34774559891069756,0.6333,0.2667
gradcam_plus,30,mean_local_density,10,9,5,6,0.2342,0.0652,0.2674,0.0886,0.2978,0.1141,0.3191,0.0684,28.0,0.17790959498698244,0.3111,-0.3778
gradcam_plus,30,mean_boundary_distance_px,10,9,5,6,7.6515,3.6627,6.3248,2.6769,5.242,3.331,5.1308,1.9721,64.0,0.1309111278962908,0.7111,0.4222
layercam,10,mean_local_width_px,12,13,3,2,5.4445,0.6385,6.0753,1.1929,5.504,0.586,5.8523,0.761,82.0,0.8490153628243157,0.5256,0.0513
layercam,10,mean_local_gap_px,12,13,3,2,7.9325,3.8772,8.3502,2.5238,7.431,2.699,7.4382,2.0522,98.0,0.2888443663464849,0.6282,0.2564
layercam,10,mean_local_density,12,13,3,2,0.4046,0.0696,0.4005,0.0392,0.4405,0.0783,0.4282,0.0485,53.0,0.1826551205854452,0.3397,-0.3205
layercam,10,mean_boundary_distance_px,12,13,3,2,2.4945,1.5085,2.7632,1.0186,2.319,1.154,2.4681,0.8092,94.0,0.39917875165278627,0.6026,0.2051
layercam,20,mean_local_width_px,12,13,3,2,5.4905,0.785,6.1827,1.3146,5.52,0.603,5.9975,0.9628,81.0,0.8918354527466616,0.5192,0.0385
layercam,20,mean_local_gap_px,12,13,3,2,8.8165,4.405,9.6649,2.5562,8.67,2.615,8.9597,2.2998,85.0,0.7236736098317631,0.5449,0.0897
layercam,20,mean_local_density,12,13,3,2,0.373,0.0681,0.3677,0.0387,0.4095,0.0538,0.394,0.0447,49.0,0.1210945670385861,0.3141,-0.3718
layercam,20,mean_boundary_distance_px,12,13,3,2,2.8145,1.7592,3.2243,1.0853,2.81,1.23,2.9736,0.957,86.0,0.6833131587171801,0.5513,0.1026
layercam,30,mean_local_width_px,12,13,3,2,5.437,0.8697,6.2003,1.3481,5.728,0.805,6.1413,1.0538,73.0,0.8066362801930473,0.4679,-0.0641
layercam,30,mean_local_gap_px,12,13,3,2,10.0635,4.7538,10.7893,2.6223,10.549,1.995,10.4726,2.7373,85.0,0.7236736098317631,0.5449,0.0897
layercam,30,mean_local_density,12,13,3,2,0.3478,0.068,0.3455,0.0375,0.3669,0.0533,0.3701,0.0447,58.0,0.2888443663464849,0.3718,-0.2564
layercam,30,mean_boundary_distance_px,12,13,3,2,3.252,1.9902,3.6298,1.1356,3.437,1.009,3.524,1.1258,84.0,0.7648175395839272,0.5385,0.0769
occlusion,10,mean_local_width_px,12,13,3,2,5.3965,0.9733,6.2757,1.6548,5.415,0.208,6.1662,1.6835,77.0,0.9782947276070365,0.4936,-0.0128
occlusion,10,mean_local_gap_px,12,13,3,2,8.573,2.527,8.2818,1.977,6.99,7.703,8.3795,3.5745,80.0,0.9349733548351885,0.5128,0.0256
occlusion,10,mean_local_density,12,13,3,2,0.4243,0.0698,0.4091,0.0572,0.4615,0.1087,0.4204,0.0755,65.0,0.4964784017192848,0.4167,-0.1667
occlusion,10,mean_boundary_distance_px,12,13,3,2,2.938,1.2077,2.7692,0.7594,2.35,2.456,2.8381,1.2675,81.0,0.8918354527466616,0.5192,0.0385
occlusion,20,mean_local_width_px,12,13,3,2,6.322,2.479,6.8118,1.6124,5.743,2.341,6.7454,1.7113,85.0,0.7236736098317631,0.5449,0.0897
occlusion,20,mean_local_gap_px,12,13,3,2,10.1635,5.2817,10.6749,2.8741,10.132,3.591,11.2158,2.6734,68.0,0.6053433393365069,0.4359,-0.1282
occlusion,20,mean_local_density,12,13,3,2,0.3824,0.0699,0.3898,0.0621,0.3896,0.1109,0.3855,0.067,80.0,0.9349733548351885,0.5128,0.0256
occlusion,20,mean_boundary_distance_px,12,13,3,2,3.2055,2.0955,3.5949,1.0334,3.58,1.428,3.7808,1.0514,70.0,0.6833131587171801,0.4487,-0.1026
occlusion,30,mean_local_width_px,12,13,3,2,6.718,3.4565,7.0218,1.7438,5.646,3.495,6.9378,1.7847,87.0,0.6437744336886411,0.5577,0.1154
occlusion,30,mean_local_gap_px,12,13,3,2,10.9405,4.954,12.0727,3.0839,12.826,3.415,13.0294,2.6929,61.0,0.3693698664932572,0.391,-0.2179
occlusion,30,mean_local_density,12,13,3,2,0.3534,0.0628,0.3694,0.0747,0.3575,0.1023,0.3607,0.0673,84.5,0.7441067930241863,0.5417,0.0833
occlusion,30,mean_boundary_distance_px,12,13,3,2,3.467,1.9468,4.1696,1.123,4.408,1.117,4.463,1.1174,65.0,0.4965612172813433,0.4167,-0.1667
