benchmark,sample_id,case_type,actual_label,predicted_label,method,level_pct,is_degenerate_map,mask_area_px,target_area_px,control_area_px,control_n_draws,n_components,largest_component_area_frac,n_junction_seeds,n_corner_seeds,geometry_fraction,narrow_gap_fraction,thin_line_fraction,boundary_proximity_mean,junction_recall,junction_density_per_kpx,corner_recall,corner_density_per_kpx,local_density_mean,control_geometry_fraction_mean,control_geometry_fraction_std,control_geometry_fraction_min,control_geometry_fraction_max,control_narrow_gap_fraction_mean,control_narrow_gap_fraction_std,control_narrow_gap_fraction_min,control_narrow_gap_fraction_max,control_thin_line_fraction_mean,control_thin_line_fraction_std,control_thin_line_fraction_min,control_thin_line_fraction_max,control_boundary_proximity_mean_mean,control_boundary_proximity_mean_std,control_boundary_proximity_mean_min,control_boundary_proximity_mean_max,control_junction_recall_mean,control_junction_recall_std,control_junction_recall_min,control_junction_recall_max,control_junction_density_per_kpx_mean,control_junction_density_per_kpx_std,control_junction_density_per_kpx_min,control_junction_density_per_kpx_max,control_corner_recall_mean,control_corner_recall_std,control_corner_recall_min,control_corner_recall_max,control_corner_density_per_kpx_mean,control_corner_density_per_kpx_std,control_corner_density_per_kpx_min,control_corner_density_per_kpx_max,control_local_density_mean_mean,control_local_density_mean_std,control_local_density_mean_min,control_local_density_mean_max
iccad5,HSCAD537,TP,HS,HS,gradcam,10,False,5018,5018,5120,30,7,0.0418,4,47,0.457,0.3629,0.1092,1.747,0.0,0.0,0.3584,43.643,0.447,0.216,0.086,0.0252,0.3883,0.1601,0.0576,0.035,0.2771,0.0521,0.0206,0.0074,0.0941,9.9601,4.0376,3.278,20.305,0.0542,0.1667,0.0,0.625,0.2539,0.7816,0.0,2.93,0.1005,0.0507,0.0,0.2062,11.9987,6.0518,0.0,24.609,0.2146,0.0773,0.0422,0.3738
iccad5,HSCAD537,TP,HS,HS,gradcam_plus,10,False,5018,5018,5120,30,7,0.0418,4,47,0.5317,0.3378,0.1148,1.755,0.8333,3.986,0.3764,45.835,0.4356,0.216,0.086,0.0252,0.3883,0.1601,0.0576,0.035,0.2771,0.0521,0.0206,0.0074,0.0941,9.9601,4.0376,3.278,20.305,0.0542,0.1667,0.0,0.625,0.2539,0.7816,0.0,2.93,0.1005,0.0507,0.0,0.2062,11.9987,6.0518,0.0,24.609,0.2146,0.0773,0.0422,0.3738
iccad5,HSCAD537,TP,HS,HS,layercam,10,False,5018,5018,5120,30,7,0.0418,4,47,0.4928,0.3031,0.106,2.265,0.125,0.598,0.2291,27.9,0.4432,0.216,0.086,0.0252,0.3883,0.1601,0.0576,0.035,0.2771,0.0521,0.0206,0.0074,0.0941,9.9601,4.0376,3.278,20.305,0.0542,0.1667,0.0,0.625,0.2539,0.7816,0.0,2.93,0.1005,0.0507,0.0,0.2062,11.9987,6.0518,0.0,24.609,0.2146,0.0773,0.0422,0.3738
iccad5,HSCAD537,TP,HS,HS,occlusion,10,False,5018,5018,5120,30,7,0.0418,4,47,0.4454,0.3151,0.1092,2.248,0.0,0.0,0.2831,34.476,0.4225,0.216,0.086,0.0252,0.3883,0.1601,0.0576,0.035,0.2771,0.0521,0.0206,0.0074,0.0941,9.9601,4.0376,3.278,20.305,0.0542,0.1667,0.0,0.625,0.2539,0.7816,0.0,2.93,0.1005,0.0507,0.0,0.2062,11.9987,6.0518,0.0,24.609,0.2146,0.0773,0.0422,0.3738
iccad5,HSCAD537,TP,HS,HS,gradcam,20,False,10035,10035,10240,30,7,0.0418,4,47,0.4681,0.3336,0.1044,1.93,0.75,1.794,0.5286,32.187,0.4247,0.2055,0.0463,0.1019,0.3034,0.1491,0.0317,0.079,0.2305,0.0494,0.0104,0.0268,0.0751,11.1505,2.0366,7.821,15.126,0.1833,0.2366,0.0,0.625,0.4297,0.5546,0.0,1.465,0.187,0.0601,0.0704,0.293,11.1588,3.5844,4.199,17.48,0.201,0.045,0.0989,0.3117
iccad5,HSCAD537,TP,HS,HS,gradcam_plus,20,False,10035,10035,10240,30,7,0.0418,4,47,0.4479,0.2744,0.1038,2.968,1.0,2.392,0.6792,41.355,0.3674,0.2055,0.0463,0.1019,0.3034,0.1491,0.0317,0.079,0.2305,0.0494,0.0104,0.0268,0.0751,11.1505,2.0366,7.821,15.126,0.1833,0.2366,0.0,0.625,0.4297,0.5546,0.0,1.465,0.187,0.0601,0.0704,0.293,11.1588,3.5844,4.199,17.48,0.201,0.045,0.0989,0.3117
iccad5,HSCAD537,TP,HS,HS,layercam,20,False,10035,10035,10240,30,7,0.0418,4,47,0.4893,0.2929,0.1046,2.374,0.8333,1.993,0.4697,28.6,0.4148,0.2055,0.0463,0.1019,0.3034,0.1491,0.0317,0.079,0.2305,0.0494,0.0104,0.0268,0.0751,11.1505,2.0366,7.821,15.126,0.1833,0.2366,0.0,0.625,0.4297,0.5546,0.0,1.465,0.187,0.0601,0.0704,0.293,11.1588,3.5844,4.199,17.48,0.201,0.045,0.0989,0.3117
iccad5,HSCAD537,TP,HS,HS,occlusion,20,False,10035,10035,10240,30,7,0.0418,4,47,0.4094,0.3106,0.1052,2.551,0.0,0.0,0.4975,30.294,0.4028,0.2055,0.0463,0.1019,0.3034,0.1491,0.0317,0.079,0.2305,0.0494,0.0104,0.0268,0.0751,11.1505,2.0366,7.821,15.126,0.1833,0.2366,0.0,0.625,0.4297,0.5546,0.0,1.465,0.187,0.0601,0.0704,0.293,11.1588,3.5844,4.199,17.48,0.201,0.045,0.0989,0.3117
iccad5,HSCAD537,TP,HS,HS,gradcam,30,False,15053,15053,15360,30,7,0.0418,4,47,0.4361,0.3223,0.104,2.159,1.0,1.594,0.7267,29.496,0.4146,0.229,0.0364,0.1615,0.3142,0.1686,0.0263,0.1243,0.2329,0.0555,0.0086,0.0392,0.0751,9.4839,1.986,4.949,12.574,0.2375,0.3085,0.0,1.0,0.3711,0.482,0.0,1.562,0.3195,0.0838,0.1424,0.5188,12.7104,3.3314,5.664,20.638,0.2264,0.0351,0.1625,0.3118
iccad5,HSCAD537,TP,HS,HS,gradcam_plus,30,False,15053,15053,15360,30,7,0.0418,4,47,0.4029,0.2956,0.0949,2.986,1.0,1.594,0.8871,36.006,0.3653,0.229,0.0364,0.1615,0.3142,0.1686,0.0263,0.1243,0.2329,0.0555,0.0086,0.0392,0.0751,9.4839,1.986,4.949,12.574,0.2375,0.3085,0.0,1.0,0.3711,0.482,0.0,1.562,0.3195,0.0838,0.1424,0.5188,12.7104,3.3314,5.664,20.638,0.2264,0.0351,0.1625,0.3118
iccad5,HSCAD537,TP,HS,HS,layercam,30,False,15053,15053,15360,30,7,0.0418,4,47,0.4495,0.2854,0.1002,2.695,0.9583,1.528,0.6563,26.639,0.3917,0.229,0.0364,0.1615,0.3142,0.1686,0.0263,0.1243,0.2329,0.0555,0.0086,0.0392,0.0751,9.4839,1.986,4.949,12.574,0.2375,0.3085,0.0,1.0,0.3711,0.482,0.0,1.562,0.3195,0.0838,0.1424,0.5188,12.7104,3.3314,5.664,20.638,0.2264,0.0351,0.1625,0.3118
iccad5,HSCAD537,TP,HS,HS,occlusion,30,False,15053,15053,15360,30,7,0.0418,4,47,0.3738,0.2914,0.0975,3.265,0.375,0.598,0.6187,25.111,0.3813,0.229,0.0364,0.1615,0.3142,0.1686,0.0263,0.1243,0.2329,0.0555,0.0086,0.0392,0.0751,9.4839,1.986,4.949,12.574,0.2375,0.3085,0.0,1.0,0.3711,0.482,0.0,1.562,0.3195,0.0838,0.1424,0.5188,12.7104,3.3314,5.664,20.638,0.2264,0.0351,0.1625,0.3118
iccad5,HSCAD532,TP,HS,HS,gradcam,10,False,5018,5018,5120,30,8,0.0423,0,52,0.4504,0.3665,0.1016,1.794,0.0,0.0,0.2426,32.682,0.443,0.2147,0.0745,0.0779,0.3637,0.1614,0.0471,0.052,0.2605,0.0519,0.017,0.018,0.085,9.1914,3.1115,3.907,18.158,0.0,0.0,0.0,0.0,0.0,0.0,0.0,0.0,0.1112,0.0599,0.0089,0.2189,14.6874,7.9065,1.172,28.906,0.217,0.0679,0.0853,0.3611
iccad5,HSCAD532,TP,HS,HS,gradcam_plus,10,False,5018,5018,5120,30,8,0.0423,0,52,0.4878,0.277,0.1108,2.595,0.0,0.0,0.3151,42.447,0.3691,0.2147,0.0745,0.0779,0.3637,0.1614,0.0471,0.052,0.2605,0.0519,0.017,0.018,0.085,9.1914,3.1115,3.907,18.158,0.0,0.0,0.0,0.0,0.0,0.0,0.0,0.0,0.1112,0.0599,0.0089,0.2189,14.6874,7.9065,1.172,28.906,0.217,0.0679,0.0853,0.3611
iccad5,HSCAD532,TP,HS,HS,layercam,10,False,5018,5018,5120,30,8,0.0423,0,52,0.4841,0.2848,0.1024,2.473,0.0,0.0,0.1302,17.537,0.4354,0.2147,0.0745,0.0779,0.3637,0.1614,0.0471,0.052,0.2605,0.0519,0.017,0.018,0.085,9.1914,3.1115,3.907,18.158,0.0,0.0,0.0,0.0,0.0,0.0,0.0,0.0,0.1112,0.0599,0.0089,0.2189,14.6874,7.9065,1.172,28.906,0.217,0.0679,0.0853,0.3611
iccad5,HSCAD532,TP,HS,HS,occlusion,10,False,5018,5018,5120,30,8,0.0423,0,52,0.5628,0.3489,0.1263,1.583,0.0,0.0,0.1716,23.117,0.4852,0.2147,0.0745,0.0779,0.3637,0.1614,0.0471,0.052,0.2605,0.0519,0.017,0.018,0.085,9.1914,3.1115,3.907,18.158,0.0,0.0,0.0,0.0,0.0,0.0,0.0,0.0,0.1112,0.0599,0.0089,0.2189,14.6874,7.9065,1.172,28.906,0.217,0.0679,0.0853,0.3611
iccad5,HSCAD532,TP,HS,HS,gradcam,20,False,10035,10035,10240,30,8,0.0423,0,52,0.4591,0.3379,0.1108,1.911,0.0,0.0,0.5281,35.575,0.4204,0.2236,0.0654,0.0946,0.3736,0.1671,0.0364,0.0862,0.2406,0.0532,0.0152,0.0226,0.0867,8.8374,2.0762,5.733,12.742,0.0,0.0,0.0,0.0,0.0,0.0,0.0,0.0,0.1954,0.0712,0.0444,0.3772,12.9003,4.7003,2.93,24.902,0.2246,0.0488,0.1235,0.3196
iccad5,HSCAD532,TP,HS,HS,gradcam_plus,20,False,10035,10035,10240,30,8,0.0423,0,52,0.4309,0.2772,0.0958,3.031,0.0,0.0,0.5725,38.565,0.3503,0.2236,0.0654,0.0946,0.3736,0.1671,0.0364,0.0862,0.2406,0.0532,0.0152,0.0226,0.0867,8.8374,2.0762,5.733,12.742,0.0,0.0,0.0,0.0,0.0,0.0,0.0,0.0,0.1954,0.0712,0.0444,0.3772,12.9003,4.7003,2.93,24.902,0.2246,0.0488,0.1235,0.3196
iccad5,HSCAD532,TP,HS,HS,layercam,20,False,10035,10035,10240,30,8,0.0423,0,52,0.4409,0.2876,0.0979,2.721,0.0,0.0,0.3225,21.724,0.4042,0.2236,0.0654,0.0946,0.3736,0.1671,0.0364,0.0862,0.2406,0.0532,0.0152,0.0226,0.0867,8.8374,2.0762,5.733,12.742,0.0,0.0,0.0,0.0,0.0,0.0,0.0,0.0,0.1954,0.0712,0.0444,0.3772,12.9003,4.7003,2.93,24.902,0.2246,0.0488,0.1235,0.3196
iccad5,HSCAD532,TP,HS,HS,occlusion,20,False,10035,10035,10240,30,8,0.0423,0,52,0.4516,0.2873,0.1044,2.882,0.0,0.0,0.3698,24.913,0.4084,0.2236,0.0654,0.0946,0.3736,0.1671,0.0364,0.0862,0.2406,0.0532,0.0152,0.0226,0.0867,8.8374,2.0762,5.733,12.742,0.0,0.0,0.0,0.0,0.0,0.0,0.0,0.0,0.1954,0.0712,0.0444,0.3772,12.9003,4.7003,2.93,24.902,0.2246,0.0488,0.1235,0.3196
iccad5,HSCAD532,TP,HS,HS,gradcam,30,False,15053,15053,15360,30,8,0.0423,0,52,0.4546,0.2987,0.0992,2.255,0.0,0.0,0.716,32.153,0.4051,0.23,0.0584,0.1106,0.3298,0.1663,0.0295,0.1111,0.2291,0.0545,0.0134,0.0267,0.0787,8.6047,1.9154,5.087,12.746,0.0,0.0,0.0,0.0,0.0,0.0,0.0,0.0,0.292,0.0914,0.1198,0.4941,12.8493,4.0232,5.273,21.745,0.2288,0.0408,0.156,0.3021
iccad5,HSCAD532,TP,HS,HS,gradcam_plus,30,False,15053,15053,15360,30,8,0.0423,0,52,0.3969,0.284,0.0901,3.134,0.0,0.0,0.8018,36.006,0.3524,0.23,0.0584,0.1106,0.3298,0.1663,0.0295,0.1111,0.2291,0.0545,0.0134,0.0267,0.0787,8.6047,1.9154,5.087,12.746,0.0,0.0,0.0,0.0,0.0,0.0,0.0,0.0,0.292,0.0914,0.1198,0.4941,12.8493,4.0232,5.273,21.745,0.2288,0.0408,0.156,0.3021
iccad5,HSCAD532,TP,HS,HS,layercam,30,False,15053,15053,15360,30,8,0.0423,0,52,0.4075,0.2712,0.0925,3.072,0.0,0.0,0.4926,22.122,0.3749,0.23,0.0584,0.1106,0.3298,0.1663,0.0295,0.1111,0.2291,0.0545,0.0134,0.0267,0.0787,8.6047,1.9154,5.087,12.746,0.0,0.0,0.0,0.0,0.0,0.0,0.0,0.0,0.292,0.0914,0.1198,0.4941,12.8493,4.0232,5.273,21.745,0.2288,0.0408,0.156,0.3021
iccad5,HSCAD532,TP,HS,HS,occlusion,30,False,15053,15053,15360,30,8,0.0423,0,52,0.4397,0.2838,0.1029,2.902,0.0,0.0,0.4527,20.328,0.3881,0.23,0.0584,0.1106,0.3298,0.1663,0.0295,0.1111,0.2291,0.0545,0.0134,0.0267,0.0787,8.6047,1.9154,5.087,12.746,0.0,0.0,0.0,0.0,0.0,0.0,0.0,0.0,0.292,0.0914,0.1198,0.4941,12.8493,4.0232,5.273,21.745,0.2288,0.0408,0.156,0.3021
iccad5,HSCAD530,TP,HS,HS,gradcam,10,False,5018,5018,5120,30,7,0.0377,8,41,0.394,0.5413,0.1022,1.973,0.3333,3.189,0.3734,39.657,0.4183,0.1935,0.0789,0.0563,0.3543,0.2066,0.0629,0.0625,0.3334,0.0429,0.0152,0.0125,0.0793,15.8138,7.1036,4.238,29.913,0.1167,0.2115,0.0,0.5,1.0939,1.9828,0.0,4.688,0.0996,0.0548,0.0,0.1989,10.371,5.7097,0.0,20.703,0.1941,0.0694,0.0692,0.3168
iccad5,HSCAD530,TP,HS,HS,gradcam_plus,10,False,5018,5018,5120,30,7,0.0377,8,41,0.4745,0.388,0.107,2.565,0.5,4.783,0.3696,39.259,0.3372,0.1935,0.0789,0.0563,0.3543,0.2066,0.0629,0.0625,0.3334,0.0429,0.0152,0.0125,0.0793,15.8138,7.1036,4.238,29.913,0.1167,0.2115,0.0,0.5,1.0939,1.9828,0.0,4.688,0.0996,0.0548,0.0,0.1989,10.371,5.7097,0.0,20.703,0.1941,0.0694,0.0692,0.3168
iccad5,HSCAD530,TP,HS,HS,layercam,10,False,5018,5018,5120,30,7,0.0377,8,41,0.449,0.3946,0.1046,2.718,0.0,0.0,0.3077,32.682,0.3467,0.1935,0.0789,0.0563,0.3543,0.2066,0.0629,0.0625,0.3334,0.0429,0.0152,0.0125,0.0793,15.8138,7.1036,4.238,29.913,0.1167,0.2115,0.0,0.5,1.0939,1.9828,0.0,4.688,0.0996,0.0548,0.0,0.1989,10.371,5.7097,0.0,20.703,0.1941,0.0694,0.0692,0.3168
iccad5,HSCAD530,TP,HS,HS,occlusion,10,False,5018,5018,5120,30,7,0.0377,8,41,0.505,0.4378,0.1166,2.009,0.0,0.0,0.3021,32.084,0.3834,0.1935,0.0789,0.0563,0.3543,0.2066,0.0629,0.0625,0.3334,0.0429,0.0152,0.0125,0.0793,15.8138,7.1036,4.238,29.913,0.1167,0.2115,0.0,0.5,1.0939,1.9828,0.0,4.688,0.0996,0.0548,0.0,0.1989,10.371,5.7097,0.0,20.703,0.1941,0.0694,0.0692,0.3168
iccad5,HSCAD530,TP,HS,HS,gradcam,20,False,10035,10035,10240,30,7,0.0377,8,41,0.4471,0.4413,0.1001,2.292,0.5,2.392,0.7355,39.063,0.3899,0.1522,0.0507,0.0436,0.2504,0.1722,0.0451,0.0744,0.2647,0.0346,0.0105,0.0114,0.0569,19.7697,5.7319,10.476,32.329,0.1833,0.2734,0.0,1.0,0.8595,1.2815,0.0,4.688,0.1811,0.0538,0.0976,0.2927,9.427,2.8001,5.078,15.234,0.1538,0.0463,0.0588,0.2512
iccad5,HSCAD530,TP,HS,HS,gradcam_plus,20,False,10035,10035,10240,30,7,0.0377,8,41,0.3952,0.414,0.0804,3.127,0.5625,2.691,0.6773,35.974,0.335,0.1522,0.0507,0.0436,0.2504,0.1722,0.0451,0.0744,0.2647,0.0346,0.0105,0.0114,0.0569,19.7697,5.7319,10.476,32.329,0.1833,0.2734,0.0,1.0,0.8595,1.2815,0.0,4.688,0.1811,0.0538,0.0976,0.2927,9.427,2.8001,5.078,15.234,0.1538,0.0463,0.0588,0.2512
iccad5,HSCAD530,TP,HS,HS,layercam,20,False,10035,10035,10240,30,7,0.0377,8,41,0.3987,0.3945,0.0907,3.101,0.0,0.0,0.5122,27.205,0.3377,0.1522,0.0507,0.0436,0.2504,0.1722,0.0451,0.0744,0.2647,0.0346,0.0105,0.0114,0.0569,19.7697,5.7319,10.476,32.329,0.1833,0.2734,0.0,1.0,0.8595,1.2815,0.0,4.688,0.1811,0.0538,0.0976,0.2927,9.427,2.8001,5.078,15.234,0.1538,0.0463,0.0588,0.2512
iccad5,HSCAD530,TP,HS,HS,occlusion,20,False,10035,10035,10240,30,7,0.0377,8,41,0.4262,0.4203,0.1012,2.687,0.0,0.0,0.6623,35.177,0.3544,0.1522,0.0507,0.0436,0.2504,0.1722,0.0451,0.0744,0.2647,0.0346,0.0105,0.0114,0.0569,19.7697,5.7319,10.476,32.329,0.1833,0.2734,0.0,1.0,0.8595,1.2815,0.0,4.688,0.1811,0.0538,0.0976,0.2927,9.427,2.8001,5.078,15.234,0.1538,0.0463,0.0588,0.2512
iccad5,HSCAD530,TP,HS,HS,gradcam,30,False,15053,15053,15360,30,7,0.0377,8,41,0.4299,0.394,0.0943,2.714,0.875,2.79,0.9231,32.685,0.3474,0.1499,0.0389,0.0685,0.2379,0.1709,0.0373,0.087,0.2564,0.0343,0.0083,0.0166,0.0505,21.1637,4.6729,10.001,30.343,0.3333,0.3249,0.0,1.0,1.0414,1.0152,0.0,3.125,0.2927,0.0856,0.1463,0.4653,10.1562,2.9706,5.078,16.146,0.1501,0.0356,0.0748,0.2213
iccad5,HSCAD530,TP,HS,HS,gradcam_plus,30,False,15053,15053,15360,30,7,0.0377,8,41,0.368,0.4182,0.0864,3.26,0.8958,2.857,0.8593,30.426,0.3297,0.1499,0.0389,0.0685,0.2379,0.1709,0.0373,0.087,0.2564,0.0343,0.0083,0.0166,0.0505,21.1637,4.6729,10.001,30.343,0.3333,0.3249,0.0,1.0,1.0414,1.0152,0.0,3.125,0.2927,0.0856,0.1463,0.4653,10.1562,2.9706,5.078,16.146,0.1501,0.0356,0.0748,0.2213
iccad5,HSCAD530,TP,HS,HS,layercam,30,False,15053,15053,15360,30,7,0.0377,8,41,0.353,0.3702,0.077,3.749,0.5208,1.661,0.666,23.583,0.3157,0.1499,0.0389,0.0685,0.2379,0.1709,0.0373,0.087,0.2564,0.0343,0.0083,0.0166,0.0505,21.1637,4.6729,10.001,30.343,0.3333,0.3249,0.0,1.0,1.0414,1.0152,0.0,3.125,0.2927,0.0856,0.1463,0.4653,10.1562,2.9706,5.078,16.146,0.1501,0.0356,0.0748,0.2213
iccad5,HSCAD530,TP,HS,HS,occlusion,30,False,15053,15053,15360,30,7,0.0377,8,41,0.31,0.3557,0.0735,4.318,0.0,0.0,0.6979,24.713,0.3064,0.1499,0.0389,0.0685,0.2379,0.1709,0.0373,0.087,0.2564,0.0343,0.0083,0.0166,0.0505,21.1637,4.6729,10.001,30.343,0.3333,0.3249,0.0,1.0,1.0414,1.0152,0.0,3.125,0.2927,0.0856,0.1463,0.4653,10.1562,2.9706,5.078,16.146,0.1501,0.0356,0.0748,0.2213
iccad5,NHSCAD51003,TN,NHS,NHS,gradcam,10,False,5018,5018,5120,30,13,0.0405,4,60,0.2874,0.123,0.0616,5.69,0.0,0.0,0.0026,0.399,0.2738,0.2725,0.0551,0.1688,0.3736,0.1415,0.0241,0.0953,0.1928,0.0681,0.0124,0.0463,0.0941,5.2604,1.1611,3.355,7.802,0.1014,0.286,0.0,0.9583,0.4752,1.3405,0.0,4.492,0.1019,0.045,0.0167,0.2103,15.5273,6.8486,2.539,32.031,0.274,0.0553,0.1824,0.3766
iccad5,NHSCAD51003,TN,NHS,NHS,gradcam_plus,10,False,5018,5018,5120,30,13,0.0405,4,60,0.1325,0.1048,0.0391,6.862,0.0833,0.399,0.1346,20.925,0.1507,0.2725,0.0551,0.1688,0.3736,0.1415,0.0241,0.0953,0.1928,0.0681,0.0124,0.0463,0.0941,5.2604,1.1611,3.355,7.802,0.1014,0.286,0.0,0.9583,0.4752,1.3405,0.0,4.492,0.1019,0.045,0.0167,0.2103,15.5273,6.8486,2.539,32.031,0.274,0.0553,0.1824,0.3766
iccad5,NHSCAD51003,TN,NHS,NHS,layercam,10,False,5018,5018,5120,30,13,0.0405,4,60,0.3386,0.1455,0.0739,3.781,0.2917,1.395,0.1654,25.707,0.2698,0.2725,0.0551,0.1688,0.3736,0.1415,0.0241,0.0953,0.1928,0.0681,0.0124,0.0463,0.0941,5.2604,1.1611,3.355,7.802,0.1014,0.286,0.0,0.9583,0.4752,1.3405,0.0,4.492,0.1019,0.045,0.0167,0.2103,15.5273,6.8486,2.539,32.031,0.274,0.0553,0.1824,0.3766
iccad5,NHSCAD51003,TN,NHS,NHS,occlusion,10,False,5018,5018,5120,30,13,0.0405,4,60,0.496,0.2104,0.098,2.108,0.0,0.0,0.0346,5.381,0.47,0.2725,0.0551,0.1688,0.3736,0.1415,0.0241,0.0953,0.1928,0.0681,0.0124,0.0463,0.0941,5.2604,1.1611,3.355,7.802,0.1014,0.286,0.0,0.9583,0.4752,1.3405,0.0,4.492,0.1019,0.045,0.0167,0.2103,15.5273,6.8486,2.539,32.031,0.274,0.0553,0.1824,0.3766
iccad5,NHSCAD51003,TN,NHS,NHS,gradcam,20,False,10035,10035,10240,30,13,0.0405,4,60,0.3115,0.1432,0.0715,4.938,0.0,0.0,0.0705,5.481,0.305,0.2684,0.0328,0.1936,0.3438,0.141,0.0136,0.1106,0.1791,0.0674,0.0073,0.0542,0.0869,5.4424,0.7867,4.303,7.488,0.2014,0.3823,0.0,1.0,0.4721,0.8961,0.0,2.344,0.1944,0.0648,0.0667,0.3295,14.8112,4.9354,5.078,25.098,0.2685,0.0304,0.1982,0.3553
iccad5,NHSCAD51003,TN,NHS,NHS,gradcam_plus,20,False,10035,10035,10240,30,13,0.0405,4,60,0.1471,0.1161,0.043,6.506,0.3333,0.797,0.2744,21.325,0.1667,0.2684,0.0328,0.1936,0.3438,0.141,0.0136,0.1106,0.1791,0.0674,0.0073,0.0542,0.0869,5.4424,0.7867,4.303,7.488,0.2014,0.3823,0.0,1.0,0.4721,0.8961,0.0,2.344,0.1944,0.0648,0.0667,0.3295,14.8112,4.9354,5.078,25.098,0.2685,0.0304,0.1982,0.3553
iccad5,NHSCAD51003,TN,NHS,NHS,layercam,20,False,10035,10035,10240,30,13,0.0405,4,60,0.3465,0.1527,0.0774,3.729,0.5833,1.395,0.3282,25.511,0.2782,0.2684,0.0328,0.1936,0.3438,0.141,0.0136,0.1106,0.1791,0.0674,0.0073,0.0542,0.0869,5.4424,0.7867,4.303,7.488,0.2014,0.3823,0.0,1.0,0.4721,0.8961,0.0,2.344,0.1944,0.0648,0.0667,0.3295,14.8112,4.9354,5.078,25.098,0.2685,0.0304,0.1982,0.3553
iccad5,NHSCAD51003,TN,NHS,NHS,occlusion,20,False,10035,10035,10240,30,13,0.0405,4,60,0.443,0.1989,0.0927,2.829,0.0,0.0,0.1462,11.36,0.402,0.2684,0.0328,0.1936,0.3438,0.141,0.0136,0.1106,0.1791,0.0674,0.0073,0.0542,0.0869,5.4424,0.7867,4.303,7.488,0.2014,0.3823,0.0,1.0,0.4721,0.8961,0.0,2.344,0.1944,0.0648,0.0667,0.3295,14.8112,4.9354,5.078,25.098,0.2685,0.0304,0.1982,0.3553
iccad5,NHSCAD51003,TN,NHS,NHS,gradcam,30,False,15053,15053,15360,30,13,0.0405,4,60,0.3072,0.15,0.0745,4.78,0.0,0.0,0.3897,20.195,0.2916,0.2815,0.0318,0.2014,0.3342,0.1469,0.0129,0.1259,0.1732,0.0704,0.0064,0.0589,0.084,5.1584,0.6343,3.842,6.418,0.2347,0.3996,0.0,0.9583,0.3666,0.6242,0.0,1.497,0.3091,0.0729,0.1833,0.4603,15.6966,3.7004,9.31,23.372,0.2817,0.0306,0.2127,0.3316
iccad5,NHSCAD51003,TN,NHS,NHS,gradcam_plus,30,False,15053,15053,15360,30,13,0.0405,4,60,0.1779,0.1121,0.0505,6.296,0.5833,0.93,0.5051,26.174,0.1789,0.2815,0.0318,0.2014,0.3342,0.1469,0.0129,0.1259,0.1732,0.0704,0.0064,0.0589,0.084,5.1584,0.6343,3.842,6.418,0.2347,0.3996,0.0,0.9583,0.3666,0.6242,0.0,1.497,0.3091,0.0729,0.1833,0.4603,15.6966,3.7004,9.31,23.372,0.2817,0.0306,0.2127,0.3316
iccad5,NHSCAD51003,TN,NHS,NHS,layercam,30,False,15053,15053,15360,30,13,0.0405,4,60,0.3365,0.1568,0.0755,3.812,0.75,1.196,0.4897,25.377,0.2804,0.2815,0.0318,0.2014,0.3342,0.1469,0.0129,0.1259,0.1732,0.0704,0.0064,0.0589,0.084,5.1584,0.6343,3.842,6.418,0.2347,0.3996,0.0,0.9583,0.3666,0.6242,0.0,1.497,0.3091,0.0729,0.1833,0.4603,15.6966,3.7004,9.31,23.372,0.2817,0.0306,0.2127,0.3316
iccad5,NHSCAD51003,TN,NHS,NHS,occlusion,30,False,15053,15053,15360,30,13,0.0405,4,60,0.3963,0.1843,0.0869,3.239,0.0417,0.066,0.2538,13.154,0.3772,0.2815,0.0318,0.2014,0.3342,0.1469,0.0129,0.1259,0.1732,0.0704,0.0064,0.0589,0.084,5.1584,0.6343,3.842,6.418,0.2347,0.3996,0.0,0.9583,0.3666,0.6242,0.0,1.497,0.3091,0.0729,0.1833,0.4603,15.6966,3.7004,9.31,23.372,0.2817,0.0306,0.2127,0.3316
iccad5,NNHSCAD5999_9,TN,NHS,NHS,gradcam,10,True,5018,5018,5120,30,2,0.0344,0,8,0.0745,0.1965,0.0177,26.041,0.0,0.0,0.0,0.0,0.0753,0.0596,0.0449,0.0,0.1814,0.1767,0.083,0.0,0.3436,0.0145,0.0099,0.0,0.0449,27.5077,8.2157,10.482,45.428,0.0,0.0,0.0,0.0,0.0,0.0,0.0,0.0,0.0942,0.118,0.0,0.4615,1.9141,2.3982,0.0,9.375,0.0607,0.0312,0.0,0.137
iccad5,NNHSCAD5999_9,TN,NHS,NHS,gradcam_plus,10,False,5018,5018,5120,30,2,0.0344,0,8,0.4743,0.4408,0.0861,3.368,0.0,0.0,0.8942,18.533,0.2101,0.0596,0.0449,0.0,0.1814,0.1767,0.083,0.0,0.3436,0.0145,0.0099,0.0,0.0449,27.5077,8.2157,10.482,45.428,0.0,0.0,0.0,0.0,0.0,0.0,0.0,0.0,0.0942,0.118,0.0,0.4615,1.9141,2.3982,0.0,9.375,0.0607,0.0312,0.0,0.137
iccad5,NNHSCAD5999_9,TN,NHS,NHS,layercam,10,False,5018,5018,5120,30,2,0.0344,0,8,0.1427,0.5347,0.0347,8.884,0.0,0.0,0.7692,15.943,0.1419,0.0596,0.0449,0.0,0.1814,0.1767,0.083,0.0,0.3436,0.0145,0.0099,0.0,0.0449,27.5077,8.2157,10.482,45.428,0.0,0.0,0.0,0.0,0.0,0.0,0.0,0.0,0.0942,0.118,0.0,0.4615,1.9141,2.3982,0.0,9.375,0.0607,0.0312,0.0,0.137
iccad5,NNHSCAD5999_9,TN,NHS,NHS,occlusion,10,False,5018,5018,5120,30,2,0.0344,0,8,0.2168,0.4928,0.0446,7.529,0.0,0.0,0.0096,0.199,0.1987,0.0596,0.0449,0.0,0.1814,0.1767,0.083,0.0,0.3436,0.0145,0.0099,0.0,0.0449,27.5077,8.2157,10.482,45.428,0.0,0.0,0.0,0.0,0.0,0.0,0.0,0.0,0.0942,0.118,0.0,0.4615,1.9141,2.3982,0.0,9.375,0.0607,0.0312,0.0,0.137
iccad5,NNHSCAD5999_9,TN,NHS,NHS,gradcam,20,True,10035,10035,10240,30,2,0.0344,0,8,0.0754,0.1962,0.0178,25.998,0.0,0.0,0.0,0.0,0.0757,0.0639,0.0259,0.0063,0.1265,0.1899,0.055,0.0618,0.3001,0.0158,0.0052,0.0031,0.025,26.3737,5.3726,16.225,37.91,0.0,0.0,0.0,0.0,0.0,0.0,0.0,0.0,0.2026,0.1754,0.0,0.5769,2.0573,1.7814,0.0,5.859,0.065,0.0186,0.0223,0.1012
iccad5,NNHSCAD5999_9,TN,NHS,NHS,gradcam_plus,20,False,10035,10035,10240,30,2,0.0344,0,8,0.3076,0.5136,0.0619,5.394,0.0,0.0,0.9904,10.264,0.1967,0.0639,0.0259,0.0063,0.1265,0.1899,0.055,0.0618,0.3001,0.0158,0.0052,0.0031,0.025,26.3737,5.3726,16.225,37.91,0.0,0.0,0.0,0.0,0.0,0.0,0.0,0.0,0.2026,0.1754,0.0,0.5769,2.0573,1.7814,0.0,5.859,0.065,0.0186,0.0223,0.1012
iccad5,NNHSCAD5999_9,TN,NHS,NHS,layercam,20,False,10035,10035,10240,30,2,0.0344,0,8,0.1391,0.4195,0.0357,12.029,0.0,0.0,0.8654,8.969,0.1277,0.0639,0.0259,0.0063,0.1265,0.1899,0.055,0.0618,0.3001,0.0158,0.0052,0.0031,0.025,26.3737,5.3726,16.225,37.91,0.0,0.0,0.0,0.0,0.0,0.0,0.0,0.0,0.2026,0.1754,0.0,0.5769,2.0573,1.7814,0.0,5.859,0.065,0.0186,0.0223,0.1012
iccad5,NNHSCAD5999_9,TN,NHS,NHS,occlusion,20,False,10035,10035,10240,30,2,0.0344,0,8,0.1846,0.4407,0.0416,8.967,0.0,0.0,0.375,3.886,0.1702,0.0639,0.0259,0.0063,0.1265,0.1899,0.055,0.0618,0.3001,0.0158,0.0052,0.0031,0.025,26.3737,5.3726,16.225,37.91,0.0,0.0,0.0,0.0,0.0,0.0,0.0,0.0,0.2026,0.1754,0.0,0.5769,2.0573,1.7814,0.0,5.859,0.065,0.0186,0.0223,0.1012
iccad5,NNHSCAD5999_9,TN,NHS,NHS,gradcam,30,True,15053,15053,15360,30,2,0.0344,0,8,0.0736,0.1981,0.0181,25.948,0.0,0.0,0.5,3.454,0.0711,0.0663,0.0172,0.0281,0.1051,0.1922,0.0365,0.0917,0.2598,0.0162,0.0041,0.0066,0.0243,25.9506,3.5994,18.711,36.27,0.0,0.0,0.0,0.0,0.0,0.0,0.0,0.0,0.3532,0.1701,0.0,0.7692,2.3915,1.1517,0.0,5.208,0.0654,0.0128,0.0373,0.0871
iccad5,NNHSCAD5999_9,TN,NHS,NHS,gradcam_plus,30,False,15053,15053,15360,30,2,0.0344,0,8,0.2168,0.3991,0.0526,11.345,0.0,0.0,1.0,6.909,0.1482,0.0663,0.0172,0.0281,0.1051,0.1922,0.0365,0.0917,0.2598,0.0162,0.0041,0.0066,0.0243,25.9506,3.5994,18.711,36.27,0.0,0.0,0.0,0.0,0.0,0.0,0.0,0.0,0.3532,0.1701,0.0,0.7692,2.3915,1.1517,0.0,5.208,0.0654,0.0128,0.0373,0.0871
iccad5,NNHSCAD5999_9,TN,NHS,NHS,layercam,30,False,15053,15053,15360,30,2,0.0344,0,8,0.1261,0.3427,0.0306,14.941,0.0,0.0,0.875,6.045,0.1113,0.0663,0.0172,0.0281,0.1051,0.1922,0.0365,0.0917,0.2598,0.0162,0.0041,0.0066,0.0243,25.9506,3.5994,18.711,36.27,0.0,0.0,0.0,0.0,0.0,0.0,0.0,0.0,0.3532,0.1701,0.0,0.7692,2.3915,1.1517,0.0,5.208,0.0654,0.0128,0.0373,0.0871
iccad5,NNHSCAD5999_9,TN,NHS,NHS,occlusion,30,False,15053,15053,15360,30,2,0.0344,0,8,0.1466,0.3664,0.0341,11.004,0.0,0.0,0.5865,4.052,0.1365,0.0663,0.0172,0.0281,0.1051,0.1922,0.0365,0.0917,0.2598,0.0162,0.0041,0.0066,0.0243,25.9506,3.5994,18.711,36.27,0.0,0.0,0.0,0.0,0.0,0.0,0.0,0.0,0.3532,0.1701,0.0,0.7692,2.3915,1.1517,0.0,5.208,0.0654,0.0128,0.0373,0.0871
iccad5,NNHSCAD5999_6,TN,NHS,NHS,gradcam,10,True,5018,5018,5120,30,2,0.0344,0,8,0.0745,0.1965,0.0177,26.041,0.0,0.0,0.0,0.0,0.0753,0.0586,0.0369,0.0,0.1377,0.1729,0.0692,0.0688,0.3436,0.0145,0.0084,0.0,0.0387,27.864,6.7259,11.614,39.882,0.0,0.0,0.0,0.0,0.0,0.0,0.0,0.0,0.1032,0.1266,0.0,0.5577,2.0963,2.5724,0.0,11.328,0.0583,0.0247,0.018,0.1223
iccad5,NNHSCAD5999_6,TN,NHS,NHS,gradcam_plus,10,False,5018,5018,5120,30,2,0.0344,0,8,0.4743,0.4408,0.0861,3.368,0.0,0.0,0.8942,18.533,0.2101,0.0586,0.0369,0.0,0.1377,0.1729,0.0692,0.0688,0.3436,0.0145,0.0084,0.0,0.0387,27.864,6.7259,11.614,39.882,0.0,0.0,0.0,0.0,0.0,0.0,0.0,0.0,0.1032,0.1266,0.0,0.5577,2.0963,2.5724,0.0,11.328,0.0583,0.0247,0.018,0.1223
iccad5,NNHSCAD5999_6,TN,NHS,NHS,layercam,10,False,5018,5018,5120,30,2,0.0344,0,8,0.1427,0.5347,0.0347,8.884,0.0,0.0,0.7692,15.943,0.1419,0.0586,0.0369,0.0,0.1377,0.1729,0.0692,0.0688,0.3436,0.0145,0.0084,0.0,0.0387,27.864,6.7259,11.614,39.882,0.0,0.0,0.0,0.0,0.0,0.0,0.0,0.0,0.1032,0.1266,0.0,0.5577,2.0963,2.5724,0.0,11.328,0.0583,0.0247,0.018,0.1223
iccad5,NNHSCAD5999_6,TN,NHS,NHS,occlusion,10,False,5018,5018,5120,30,2,0.0344,0,8,0.2168,0.4928,0.0446,7.529,0.0,0.0,0.0096,0.199,0.1987,0.0586,0.0369,0.0,0.1377,0.1729,0.0692,0.0688,0.3436,0.0145,0.0084,0.0,0.0387,27.864,6.7259,11.614,39.882,0.0,0.0,0.0,0.0,0.0,0.0,0.0,0.0,0.1032,0.1266,0.0,0.5577,2.0963,2.5724,0.0,11.328,0.0583,0.0247,0.018,0.1223
iccad5,NNHSCAD5999_6,TN,NHS,NHS,gradcam,20,True,10035,10035,10240,30,2,0.0344,0,8,0.0754,0.1962,0.0178,25.998,0.0,0.0,0.0,0.0,0.0757,0.0624,0.0241,0.0281,0.1188,0.1812,0.0456,0.0688,0.2635,0.0151,0.006,0.0052,0.0304,27.1298,4.4039,18.172,37.445,0.0,0.0,0.0,0.0,0.0,0.0,0.0,0.0,0.2071,0.1565,0.0,0.5962,2.1029,1.5897,0.0,6.055,0.0619,0.0152,0.0318,0.0904
iccad5,NNHSCAD5999_6,TN,NHS,NHS,gradcam_plus,20,False,10035,10035,10240,30,2,0.0344,0,8,0.3076,0.5136,0.0619,5.394,0.0,0.0,0.9904,10.264,0.1967,0.0624,0.0241,0.0281,0.1188,0.1812,0.0456,0.0688,0.2635,0.0151,0.006,0.0052,0.0304,27.1298,4.4039,18.172,37.445,0.0,0.0,0.0,0.0,0.0,0.0,0.0,0.0,0.2071,0.1565,0.0,0.5962,2.1029,1.5897,0.0,6.055,0.0619,0.0152,0.0318,0.0904
iccad5,NNHSCAD5999_6,TN,NHS,NHS,layercam,20,False,10035,10035,10240,30,2,0.0344,0,8,0.1391,0.4195,0.0357,12.029,0.0,0.0,0.8654,8.969,0.1277,0.0624,0.0241,0.0281,0.1188,0.1812,0.0456,0.0688,0.2635,0.0151,0.006,0.0052,0.0304,27.1298,4.4039,18.172,37.445,0.0,0.0,0.0,0.0,0.0,0.0,0.0,0.0,0.2071,0.1565,0.0,0.5962,2.1029,1.5897,0.0,6.055,0.0619,0.0152,0.0318,0.0904
iccad5,NNHSCAD5999_6,TN,NHS,NHS,occlusion,20,False,10035,10035,10240,30,2,0.0344,0,8,0.1846,0.4407,0.0416,8.967,0.0,0.0,0.375,3.886,0.1702,0.0624,0.0241,0.0281,0.1188,0.1812,0.0456,0.0688,0.2635,0.0151,0.006,0.0052,0.0304,27.1298,4.4039,18.172,37.445,0.0,0.0,0.0,0.0,0.0,0.0,0.0,0.0,0.2071,0.1565,0.0,0.5962,2.1029,1.5897,0.0,6.055,0.0619,0.0152,0.0318,0.0904
iccad5,NNHSCAD5999_6,TN,NHS,NHS,gradcam,30,True,15053,15053,15360,30,2,0.0344,0,8,0.0736,0.1981,0.0181,25.948,0.0,0.0,0.5,3.454,0.0711,0.0629,0.0172,0.0187,0.0895,0.177,0.037,0.1161,0.2628,0.0151,0.004,0.0043,0.021,27.3688,3.6269,19.043,33.208,0.0,0.0,0.0,0.0,0.0,0.0,0.0,0.0,0.3288,0.1311,0.0385,0.5962,2.2265,0.8878,0.26,4.036,0.0607,0.0137,0.0307,0.088
iccad5,NNHSCAD5999_6,TN,NHS,NHS,gradcam_plus,30,False,15053,15053,15360,30,2,0.0344,0,8,0.2168,0.3991,0.0526,11.345,0.0,0.0,1.0,6.909,0.1482,0.0629,0.0172,0.0187,0.0895,0.177,0.037,0.1161,0.2628,0.0151,0.004,0.0043,0.021,27.3688,3.6269,19.043,33.208,0.0,0.0,0.0,0.0,0.0,0.0,0.0,0.0,0.3288,0.1311,0.0385,0.5962,2.2265,0.8878,0.26,4.036,0.0607,0.0137,0.0307,0.088
iccad5,NNHSCAD5999_6,TN,NHS,NHS,layercam,30,False,15053,15053,15360,30,2,0.0344,0,8,0.1261,0.3427,0.0306,14.941,0.0,0.0,0.875,6.045,0.1113,0.0629,0.0172,0.0187,0.0895,0.177,0.037,0.1161,0.2628,0.0151,0.004,0.0043,0.021,27.3688,3.6269,19.043,33.208,0.0,0.0,0.0,0.0,0.0,0.0,0.0,0.0,0.3288,0.1311,0.0385,0.5962,2.2265,0.8878,0.26,4.036,0.0607,0.0137,0.0307,0.088
iccad5,NNHSCAD5999_6,TN,NHS,NHS,occlusion,30,False,15053,15053,15360,30,2,0.0344,0,8,0.1466,0.3664,0.0341,11.004,0.0,0.0,0.5865,4.052,0.1365,0.0629,0.0172,0.0187,0.0895,0.177,0.037,0.1161,0.2628,0.0151,0.004,0.0043,0.021,27.3688,3.6269,19.043,33.208,0.0,0.0,0.0,0.0,0.0,0.0,0.0,0.0,0.3288,0.1311,0.0385,0.5962,2.2265,0.8878,0.26,4.036,0.0607,0.0137,0.0307,0.088
iccad5,NHSCAD538_2,FP,NHS,HS,gradcam,10,False,5018,5018,5120,30,10,0.0344,0,40,0.3206,0.2607,0.1112,1.607,0.0,0.0,0.3577,37.067,0.44,0.3043,0.0944,0.1502,0.4813,0.1502,0.0295,0.1018,0.2016,0.0726,0.0215,0.0375,0.1125,6.795,2.3975,2.248,10.914,0.0,0.0,0.0,0.0,0.0,0.0,0.0,0.0,0.0947,0.0926,0.0,0.2942,9.6158,9.4038,0.0,29.883,0.3086,0.0722,0.1808,0.4541
iccad5,NHSCAD538_2,FP,NHS,HS,gradcam_plus,10,False,5018,5018,5120,30,10,0.0344,0,40,0.283,0.1684,0.0775,4.71,0.0,0.0,0.4558,47.23,0.274,0.3043,0.0944,0.1502,0.4813,0.1502,0.0295,0.1018,0.2016,0.0726,0.0215,0.0375,0.1125,6.795,2.3975,2.248,10.914,0.0,0.0,0.0,0.0,0.0,0.0,0.0,0.0,0.0947,0.0926,0.0,0.2942,9.6158,9.4038,0.0,29.883,0.3086,0.0722,0.1808,0.4541
iccad5,NHSCAD538_2,FP,NHS,HS,layercam,10,False,5018,5018,5120,30,10,0.0344,0,40,0.5233,0.2228,0.121,1.786,0.0,0.0,0.1654,17.138,0.4624,0.3043,0.0944,0.1502,0.4813,0.1502,0.0295,0.1018,0.2016,0.0726,0.0215,0.0375,0.1125,6.795,2.3975,2.248,10.914,0.0,0.0,0.0,0.0,0.0,0.0,0.0,0.0,0.0947,0.0926,0.0,0.2942,9.6158,9.4038,0.0,29.883,0.3086,0.0722,0.1808,0.4541
iccad5,NHSCAD538_2,FP,NHS,HS,occlusion,10,False,5018,5018,5120,30,10,0.0344,0,40,0.4998,0.231,0.1186,2.207,0.0,0.0,0.2635,27.302,0.4293,0.3043,0.0944,0.1502,0.4813,0.1502,0.0295,0.1018,0.2016,0.0726,0.0215,0.0375,0.1125,6.795,2.3975,2.248,10.914,0.0,0.0,0.0,0.0,0.0,0.0,0.0,0.0,0.0947,0.0926,0.0,0.2942,9.6158,9.4038,0.0,29.883,0.3086,0.0722,0.1808,0.4541
iccad5,NHSCAD538_2,FP,NHS,HS,gradcam,20,False,10035,10035,10240,30,10,0.0344,0,40,0.3226,0.268,0.1024,1.718,0.0,0.0,0.5385,27.902,0.4556,0.3241,0.0538,0.2156,0.4535,0.1546,0.0183,0.1187,0.2,0.0774,0.0123,0.05,0.1063,6.2668,1.4571,2.676,9.991,0.0,0.0,0.0,0.0,0.0,0.0,0.0,0.0,0.1841,0.1312,0.0,0.5385,9.349,6.6641,0.0,27.344,0.3189,0.0409,0.2459,0.4241
iccad5,NHSCAD538_2,FP,NHS,HS,gradcam_plus,20,False,10035,10035,10240,30,10,0.0344,0,40,0.3438,0.1633,0.1071,3.487,0.0,0.0,0.8442,43.747,0.3334,0.3241,0.0538,0.2156,0.4535,0.1546,0.0183,0.1187,0.2,0.0774,0.0123,0.05,0.1063,6.2668,1.4571,2.676,9.991,0.0,0.0,0.0,0.0,0.0,0.0,0.0,0.0,0.1841,0.1312,0.0,0.5385,9.349,6.6641,0.0,27.344,0.3189,0.0409,0.2459,0.4241
iccad5,NHSCAD538_2,FP,NHS,HS,layercam,20,False,10035,10035,10240,30,10,0.0344,0,40,0.5012,0.2181,0.1129,1.932,0.0,0.0,0.3577,18.535,0.4495,0.3241,0.0538,0.2156,0.4535,0.1546,0.0183,0.1187,0.2,0.0774,0.0123,0.05,0.1063,6.2668,1.4571,2.676,9.991,0.0,0.0,0.0,0.0,0.0,0.0,0.0,0.0,0.1841,0.1312,0.0,0.5385,9.349,6.6641,0.0,27.344,0.3189,0.0409,0.2459,0.4241
iccad5,NHSCAD538_2,FP,NHS,HS,occlusion,20,False,10035,10035,10240,30,10,0.0344,0,40,0.4345,0.2064,0.1026,2.895,0.0,0.0,0.3615,18.734,0.3969,0.3241,0.0538,0.2156,0.4535,0.1546,0.0183,0.1187,0.2,0.0774,0.0123,0.05,0.1063,6.2668,1.4571,2.676,9.991,0.0,0.0,0.0,0.0,0.0,0.0,0.0,0.0,0.1841,0.1312,0.0,0.5385,9.349,6.6641,0.0,27.344,0.3189,0.0409,0.2459,0.4241
iccad5,NHSCAD538_2,FP,NHS,HS,gradcam,30,False,15053,15053,15360,30,10,0.0344,0,40,0.4224,0.2587,0.1216,1.674,0.0,0.0,0.7269,25.111,0.4559,0.3056,0.0355,0.2146,0.3669,0.1491,0.0124,0.1212,0.1697,0.0729,0.0083,0.0508,0.0854,6.8226,1.0983,4.897,9.765,0.0,0.0,0.0,0.0,0.0,0.0,0.0,0.0,0.2742,0.1185,0.05,0.5423,9.2817,4.0101,1.693,18.359,0.3069,0.0282,0.2491,0.3623
iccad5,NHSCAD538_2,FP,NHS,HS,gradcam_plus,30,False,15053,15053,15360,30,10,0.0344,0,40,0.3262,0.1951,0.0785,3.301,0.0,0.0,0.9308,32.153,0.3424,0.3056,0.0355,0.2146,0.3669,0.1491,0.0124,0.1212,0.1697,0.0729,0.0083,0.0508,0.0854,6.8226,1.0983,4.897,9.765,0.0,0.0,0.0,0.0,0.0,0.0,0.0,0.0,0.2742,0.1185,0.05,0.5423,9.2817,4.0101,1.693,18.359,0.3069,0.0282,0.2491,0.3623
iccad5,NHSCAD538_2,FP,NHS,HS,layercam,30,False,15053,15053,15360,30,10,0.0344,0,40,0.4664,0.2085,0.1066,2.149,0.0,0.0,0.5404,18.667,0.4347,0.3056,0.0355,0.2146,0.3669,0.1491,0.0124,0.1212,0.1697,0.0729,0.0083,0.0508,0.0854,6.8226,1.0983,4.897,9.765,0.0,0.0,0.0,0.0,0.0,0.0,0.0,0.0,0.2742,0.1185,0.05,0.5423,9.2817,4.0101,1.693,18.359,0.3069,0.0282,0.2491,0.3623
iccad5,NHSCAD538_2,FP,NHS,HS,occlusion,30,False,15053,15053,15360,30,10,0.0344,0,40,0.4293,0.1923,0.1014,2.939,0.0,0.0,0.5019,17.339,0.3912,0.3056,0.0355,0.2146,0.3669,0.1491,0.0124,0.1212,0.1697,0.0729,0.0083,0.0508,0.0854,6.8226,1.0983,4.897,9.765,0.0,0.0,0.0,0.0,0.0,0.0,0.0,0.0,0.2742,0.1185,0.05,0.5423,9.2817,4.0101,1.693,18.359,0.3069,0.0282,0.2491,0.3623
iccad5,NHSCAD532_8,FP,NHS,HS,gradcam,10,False,5018,5018,5120,30,7,0.0344,0,28,0.4075,0.4165,0.162,1.478,0.0,0.0,0.3626,26.305,0.4636,0.2207,0.0734,0.025,0.3563,0.1641,0.0426,0.0625,0.2375,0.0528,0.0173,0.0074,0.0844,10.118,4.1415,4.077,20.848,0.0,0.0,0.0,0.0,0.0,0.0,0.0,0.0,0.1189,0.0768,0.0,0.2967,8.4504,5.4627,0.0,21.094,0.2241,0.0604,0.0745,0.3354
iccad5,NHSCAD532_8,FP,NHS,HS,gradcam_plus,10,False,5018,5018,5120,30,7,0.0344,0,28,0.3784,0.3189,0.106,3.188,0.0,0.0,0.4698,34.077,0.3481,0.2207,0.0734,0.025,0.3563,0.1641,0.0426,0.0625,0.2375,0.0528,0.0173,0.0074,0.0844,10.118,4.1415,4.077,20.848,0.0,0.0,0.0,0.0,0.0,0.0,0.0,0.0,0.1189,0.0768,0.0,0.2967,8.4504,5.4627,0.0,21.094,0.2241,0.0604,0.0745,0.3354
iccad5,NHSCAD532_8,FP,NHS,HS,layercam,10,False,5018,5018,5120,30,7,0.0344,0,28,0.4942,0.3338,0.1164,1.892,0.0,0.0,0.1593,11.558,0.4507,0.2207,0.0734,0.025,0.3563,0.1641,0.0426,0.0625,0.2375,0.0528,0.0173,0.0074,0.0844,10.118,4.1415,4.077,20.848,0.0,0.0,0.0,0.0,0.0,0.0,0.0,0.0,0.1189,0.0768,0.0,0.2967,8.4504,5.4627,0.0,21.094,0.2241,0.0604,0.0745,0.3354
iccad5,NHSCAD532_8,FP,NHS,HS,occlusion,10,False,5018,5018,5120,30,7,0.0344,0,28,0.5008,0.3202,0.1184,2.215,0.0,0.0,0.3791,27.501,0.4433,0.2207,0.0734,0.025,0.3563,0.1641,0.0426,0.0625,0.2375,0.0528,0.0173,0.0074,0.0844,10.118,4.1415,4.077,20.848,0.0,0.0,0.0,0.0,0.0,0.0,0.0,0.0,0.1189,0.0768,0.0,0.2967,8.4504,5.4627,0.0,21.094,0.2241,0.0604,0.0745,0.3354
iccad5,NHSCAD532_8,FP,NHS,HS,gradcam,20,False,10035,10035,10240,30,7,0.0344,0,28,0.5043,0.3307,0.0942,1.894,0.0,0.0,0.544,19.731,0.4618,0.245,0.0545,0.1733,0.3701,0.1763,0.0328,0.1187,0.2456,0.0577,0.0121,0.0412,0.0849,9.2926,2.7248,4.12,15.587,0.0,0.0,0.0,0.0,0.0,0.0,0.0,0.0,0.1973,0.1302,0.0,0.4286,7.0117,4.6271,0.0,15.234,0.2424,0.0471,0.1709,0.3357
iccad5,NHSCAD532_8,FP,NHS,HS,gradcam_plus,20,False,10035,10035,10240,30,7,0.0344,0,28,0.4306,0.3125,0.0939,2.768,0.0,0.0,0.6896,25.012,0.3833,0.245,0.0545,0.1733,0.3701,0.1763,0.0328,0.1187,0.2456,0.0577,0.0121,0.0412,0.0849,9.2926,2.7248,4.12,15.587,0.0,0.0,0.0,0.0,0.0,0.0,0.0,0.0,0.1973,0.1302,0.0,0.4286,7.0117,4.6271,0.0,15.234,0.2424,0.0471,0.1709,0.3357
iccad5,NHSCAD532_8,FP,NHS,HS,layercam,20,False,10035,10035,10240,30,7,0.0344,0,28,0.4501,0.3071,0.1027,2.379,0.0,0.0,0.3956,14.35,0.409,0.245,0.0545,0.1733,0.3701,0.1763,0.0328,0.1187,0.2456,0.0577,0.0121,0.0412,0.0849,9.2926,2.7248,4.12,15.587,0.0,0.0,0.0,0.0,0.0,0.0,0.0,0.0,0.1973,0.1302,0.0,0.4286,7.0117,4.6271,0.0,15.234,0.2424,0.0471,0.1709,0.3357
iccad5,NHSCAD532_8,FP,NHS,HS,occlusion,20,False,10035,10035,10240,30,7,0.0344,0,28,0.4511,0.2985,0.1063,2.745,0.0,0.0,0.5,18.137,0.3956,0.245,0.0545,0.1733,0.3701,0.1763,0.0328,0.1187,0.2456,0.0577,0.0121,0.0412,0.0849,9.2926,2.7248,4.12,15.587,0.0,0.0,0.0,0.0,0.0,0.0,0.0,0.0,0.1973,0.1302,0.0,0.4286,7.0117,4.6271,0.0,15.234,0.2424,0.0471,0.1709,0.3357
iccad5,NHSCAD532_8,FP,NHS,HS,gradcam,30,False,15053,15053,15360,30,7,0.0344,0,28,0.4523,0.3128,0.1001,2.191,0.0,0.0,0.7115,17.206,0.4192,0.2359,0.0351,0.153,0.3083,0.172,0.019,0.1314,0.2104,0.0558,0.0079,0.0365,0.0708,9.609,1.7632,6.664,12.541,0.0,0.0,0.0,0.0,0.0,0.0,0.0,0.0,0.3168,0.1641,0.0,0.6209,7.5088,3.8898,0.0,14.714,0.2363,0.0287,0.1768,0.3011
iccad5,NHSCAD532_8,FP,NHS,HS,gradcam_plus,30,False,15053,15053,15360,30,7,0.0344,0,28,0.4328,0.3013,0.0907,2.758,0.0,0.0,0.9478,22.919,0.385,0.2359,0.0351,0.153,0.3083,0.172,0.019,0.1314,0.2104,0.0558,0.0079,0.0365,0.0708,9.609,1.7632,6.664,12.541,0.0,0.0,0.0,0.0,0.0,0.0,0.0,0.0,0.3168,0.1641,0.0,0.6209,7.5088,3.8898,0.0,14.714,0.2363,0.0287,0.1768,0.3011
iccad5,NHSCAD532_8,FP,NHS,HS,layercam,30,False,15053,15053,15360,30,7,0.0344,0,28,0.4117,0.2846,0.0932,2.896,0.0,0.0,0.5962,14.416,0.3758,0.2359,0.0351,0.153,0.3083,0.172,0.019,0.1314,0.2104,0.0558,0.0079,0.0365,0.0708,9.609,1.7632,6.664,12.541,0.0,0.0,0.0,0.0,0.0,0.0,0.0,0.0,0.3168,0.1641,0.0,0.6209,7.5088,3.8898,0.0,14.714,0.2363,0.0287,0.1768,0.3011
iccad5,NHSCAD532_8,FP,NHS,HS,occlusion,30,False,15053,15053,15360,30,7,0.0344,0,28,0.4097,0.2718,0.0973,3.208,0.0,0.0,0.6923,16.741,0.3672,0.2359,0.0351,0.153,0.3083,0.172,0.019,0.1314,0.2104,0.0558,0.0079,0.0365,0.0708,9.609,1.7632,6.664,12.541,0.0,0.0,0.0,0.0,0.0,0.0,0.0,0.0,0.3168,0.1641,0.0,0.6209,7.5088,3.8898,0.0,14.714,0.2363,0.0287,0.1768,0.3011
iccad5,NHSCAD59_2,FP,NHS,HS,gradcam,10,False,5018,5018,5120,30,12,0.0344,0,46,0.2975,0.2716,0.1084,1.61,0.0,0.0,0.301,35.871,0.4437,0.3384,0.0767,0.2119,0.4875,0.1719,0.0238,0.1256,0.2125,0.0832,0.0175,0.0521,0.1174,5.0039,1.8418,2.213,8.611,0.0,0.0,0.0,0.0,0.0,0.0,0.0,0.0,0.1223,0.081,0.0,0.3696,14.2837,9.4629,0.0,43.164,0.3387,0.059,0.2276,0.4629
iccad5,NHSCAD59_2,FP,NHS,HS,gradcam_plus,10,False,5018,5018,5120,30,12,0.0344,0,46,0.2208,0.1435,0.0833,5.146,0.0,0.0,0.4933,58.788,0.2166,0.3384,0.0767,0.2119,0.4875,0.1719,0.0238,0.1256,0.2125,0.0832,0.0175,0.0521,0.1174,5.0039,1.8418,2.213,8.611,0.0,0.0,0.0,0.0,0.0,0.0,0.0,0.0,0.1223,0.081,0.0,0.3696,14.2837,9.4629,0.0,43.164,0.3387,0.059,0.2276,0.4629
iccad5,NHSCAD59_2,FP,NHS,HS,layercam,10,False,5018,5018,5120,30,12,0.0344,0,46,0.5207,0.2268,0.1212,1.721,0.0,0.0,0.1037,12.356,0.4825,0.3384,0.0767,0.2119,0.4875,0.1719,0.0238,0.1256,0.2125,0.0832,0.0175,0.0521,0.1174,5.0039,1.8418,2.213,8.611,0.0,0.0,0.0,0.0,0.0,0.0,0.0,0.0,0.1223,0.081,0.0,0.3696,14.2837,9.4629,0.0,43.164,0.3387,0.059,0.2276,0.4629
iccad5,NHSCAD59_2,FP,NHS,HS,occlusion,10,False,5018,5018,5120,30,12,0.0344,0,46,0.5116,0.236,0.1212,2.038,0.0,0.0,0.2324,27.7,0.4378,0.3384,0.0767,0.2119,0.4875,0.1719,0.0238,0.1256,0.2125,0.0832,0.0175,0.0521,0.1174,5.0039,1.8418,2.213,8.611,0.0,0.0,0.0,0.0,0.0,0.0,0.0,0.0,0.1223,0.081,0.0,0.3696,14.2837,9.4629,0.0,43.164,0.3387,0.059,0.2276,0.4629
iccad5,NHSCAD59_2,FP,NHS,HS,gradcam,20,False,10035,10035,10240,30,12,0.0344,0,46,0.3257,0.2695,0.0961,1.734,0.0,0.0,0.5,29.796,0.4512,0.3347,0.0573,0.1724,0.4414,0.1696,0.0188,0.117,0.2055,0.0823,0.0124,0.0469,0.105,4.896,1.3551,2.696,9.133,0.0,0.0,0.0,0.0,0.0,0.0,0.0,0.0,0.252,0.1001,0.087,0.4482,14.7169,5.8469,5.078,26.172,0.3365,0.0478,0.1966,0.4284
iccad5,NHSCAD59_2,FP,NHS,HS,gradcam_plus,20,False,10035,10035,10240,30,12,0.0344,0,46,0.2598,0.1737,0.0764,3.929,0.0,0.0,0.8445,50.324,0.2848,0.3347,0.0573,0.1724,0.4414,0.1696,0.0188,0.117,0.2055,0.0823,0.0124,0.0469,0.105,4.896,1.3551,2.696,9.133,0.0,0.0,0.0,0.0,0.0,0.0,0.0,0.0,0.252,0.1001,0.087,0.4482,14.7169,5.8469,5.078,26.172,0.3365,0.0478,0.1966,0.4284
iccad5,NHSCAD59_2,FP,NHS,HS,layercam,20,False,10035,10035,10240,30,12,0.0344,0,46,0.5035,0.2253,0.114,1.855,0.0,0.0,0.2876,17.14,0.4641,0.3347,0.0573,0.1724,0.4414,0.1696,0.0188,0.117,0.2055,0.0823,0.0124,0.0469,0.105,4.896,1.3551,2.696,9.133,0.0,0.0,0.0,0.0,0.0,0.0,0.0,0.0,0.252,0.1001,0.087,0.4482,14.7169,5.8469,5.078,26.172,0.3365,0.0478,0.1966,0.4284
iccad5,NHSCAD59_2,FP,NHS,HS,occlusion,20,False,10035,10035,10240,30,12,0.0344,0,46,0.4469,0.2059,0.1051,2.746,0.0,0.0,0.3127,18.635,0.4103,0.3347,0.0573,0.1724,0.4414,0.1696,0.0188,0.117,0.2055,0.0823,0.0124,0.0469,0.105,4.896,1.3551,2.696,9.133,0.0,0.0,0.0,0.0,0.0,0.0,0.0,0.0,0.252,0.1001,0.087,0.4482,14.7169,5.8469,5.078,26.172,0.3365,0.0478,0.1966,0.4284
iccad5,NHSCAD59_2,FP,NHS,HS,gradcam,30,False,15053,15053,15360,30,12,0.0344,0,46,0.4213,0.2605,0.1223,1.683,0.0,0.0,0.6722,26.706,0.4513,0.356,0.0316,0.2749,0.4124,0.1727,0.0085,0.1533,0.1855,0.0859,0.0071,0.068,0.0984,4.6947,0.7298,3.344,6.238,0.0,0.0,0.0,0.0,0.0,0.0,0.0,0.0,0.307,0.0874,0.1689,0.5067,11.9532,3.4019,6.576,19.727,0.3532,0.0224,0.2999,0.3926
iccad5,NHSCAD59_2,FP,NHS,HS,gradcam_plus,30,False,15053,15053,15360,30,12,0.0344,0,46,0.2987,0.1534,0.0739,4.047,0.0,0.0,0.9147,36.338,0.3068,0.356,0.0316,0.2749,0.4124,0.1727,0.0085,0.1533,0.1855,0.0859,0.0071,0.068,0.0984,4.6947,0.7298,3.344,6.238,0.0,0.0,0.0,0.0,0.0,0.0,0.0,0.0,0.307,0.0874,0.1689,0.5067,11.9532,3.4019,6.576,19.727,0.3532,0.0224,0.2999,0.3926
iccad5,NHSCAD59_2,FP,NHS,HS,layercam,30,False,15053,15053,15360,30,12,0.0344,0,46,0.477,0.2098,0.1068,2.113,0.0,0.0,0.4331,17.206,0.4426,0.356,0.0316,0.2749,0.4124,0.1727,0.0085,0.1533,0.1855,0.0859,0.0071,0.068,0.0984,4.6947,0.7298,3.344,6.238,0.0,0.0,0.0,0.0,0.0,0.0,0.0,0.0,0.307,0.0874,0.1689,0.5067,11.9532,3.4019,6.576,19.727,0.3532,0.0224,0.2999,0.3926
iccad5,NHSCAD59_2,FP,NHS,HS,occlusion,30,False,15053,15053,15360,30,12,0.0344,0,46,0.4326,0.1959,0.1028,2.834,0.0,0.0,0.4114,16.342,0.4094,0.356,0.0316,0.2749,0.4124,0.1727,0.0085,0.1533,0.1855,0.0859,0.0071,0.068,0.0984,4.6947,0.7298,3.344,6.238,0.0,0.0,0.0,0.0,0.0,0.0,0.0,0.0,0.307,0.0874,0.1689,0.5067,11.9532,3.4019,6.576,19.727,0.3532,0.0224,0.2999,0.3926
iccad5,HSCAD516,FN,HS,NHS,gradcam,10,False,5018,5018,5120,30,6,0.0306,3,26,0.0496,0.1168,0.0139,21.136,0.0,0.0,0.0769,5.181,0.0517,0.0866,0.0488,0.0,0.2162,0.1728,0.0849,0.0008,0.3631,0.0223,0.0122,0.0,0.0543,19.3423,7.5575,7.524,37.916,0.0667,0.2494,0.0,1.0,0.2735,1.0232,0.0,4.102,0.0963,0.0766,0.0,0.2485,6.3606,5.0584,0.0,16.406,0.0888,0.0386,0.0064,0.1855
iccad5,HSCAD516,FN,HS,NHS,gradcam_plus,10,False,5018,5018,5120,30,6,0.0306,3,26,0.5022,0.3491,0.0873,3.381,1.0,4.185,0.6272,42.248,0.2421,0.0866,0.0488,0.0,0.2162,0.1728,0.0849,0.0008,0.3631,0.0223,0.0122,0.0,0.0543,19.3423,7.5575,7.524,37.916,0.0667,0.2494,0.0,1.0,0.2735,1.0232,0.0,4.102,0.0963,0.0766,0.0,0.2485,6.3606,5.0584,0.0,16.406,0.0888,0.0386,0.0064,0.1855
iccad5,HSCAD516,FN,HS,NHS,layercam,10,False,5018,5018,5120,30,6,0.0306,3,26,0.3149,0.3551,0.063,5.515,1.0,4.185,0.432,29.095,0.1922,0.0866,0.0488,0.0,0.2162,0.1728,0.0849,0.0008,0.3631,0.0223,0.0122,0.0,0.0543,19.3423,7.5575,7.524,37.916,0.0667,0.2494,0.0,1.0,0.2735,1.0232,0.0,4.102,0.0963,0.0766,0.0,0.2485,6.3606,5.0584,0.0,16.406,0.0888,0.0386,0.0064,0.1855
iccad5,HSCAD516,FN,HS,NHS,occlusion,10,False,5018,5018,5120,30,6,0.0306,3,26,0.2435,0.3262,0.0602,7.053,0.0,0.0,0.0266,1.794,0.1886,0.0866,0.0488,0.0,0.2162,0.1728,0.0849,0.0008,0.3631,0.0223,0.0122,0.0,0.0543,19.3423,7.5575,7.524,37.916,0.0667,0.2494,0.0,1.0,0.2735,1.0232,0.0,4.102,0.0963,0.0766,0.0,0.2485,6.3606,5.0584,0.0,16.406,0.0888,0.0386,0.0064,0.1855
iccad5,HSCAD516,FN,HS,NHS,gradcam,20,False,10035,10035,10240,30,6,0.0306,3,26,0.069,0.1378,0.0182,18.939,0.0,0.0,0.216,7.275,0.0632,0.1012,0.0341,0.025,0.1529,0.1845,0.0473,0.0672,0.2913,0.0258,0.0083,0.0063,0.0392,18.9176,3.1849,12.656,26.948,0.2333,0.423,0.0,1.0,0.4786,0.8675,0.0,2.051,0.2045,0.0902,0.0,0.3462,6.7514,2.9777,0.0,11.426,0.0992,0.0266,0.0407,0.152
iccad5,HSCAD516,FN,HS,NHS,gradcam_plus,20,False,10035,10035,10240,30,6,0.0306,3,26,0.4186,0.4212,0.0881,3.44,1.0,2.093,0.9201,30.992,0.2393,0.1012,0.0341,0.025,0.1529,0.1845,0.0473,0.0672,0.2913,0.0258,0.0083,0.0063,0.0392,18.9176,3.1849,12.656,26.948,0.2333,0.423,0.0,1.0,0.4786,0.8675,0.0,2.051,0.2045,0.0902,0.0,0.3462,6.7514,2.9777,0.0,11.426,0.0992,0.0266,0.0407,0.152
iccad5,HSCAD516,FN,HS,NHS,layercam,20,False,10035,10035,10240,30,6,0.0306,3,26,0.2573,0.3338,0.0607,6.822,1.0,2.093,0.7899,26.607,0.1745,0.1012,0.0341,0.025,0.1529,0.1845,0.0473,0.0672,0.2913,0.0258,0.0083,0.0063,0.0392,18.9176,3.1849,12.656,26.948,0.2333,0.423,0.0,1.0,0.4786,0.8675,0.0,2.051,0.2045,0.0902,0.0,0.3462,6.7514,2.9777,0.0,11.426,0.0992,0.0266,0.0407,0.152
iccad5,HSCAD516,FN,HS,NHS,occlusion,20,False,10035,10035,10240,30,6,0.0306,3,26,0.1957,0.3271,0.0487,7.642,1.0,2.093,0.2959,9.965,0.1789,0.1012,0.0341,0.025,0.1529,0.1845,0.0473,0.0672,0.2913,0.0258,0.0083,0.0063,0.0392,18.9176,3.1849,12.656,26.948,0.2333,0.423,0.0,1.0,0.4786,0.8675,0.0,2.051,0.2045,0.0902,0.0,0.3462,6.7514,2.9777,0.0,11.426,0.0992,0.0266,0.0407,0.152
iccad5,HSCAD516,FN,HS,NHS,gradcam,30,False,15053,15053,15360,30,6,0.0306,3,26,0.0653,0.1337,0.0183,20.583,0.1905,0.266,0.3964,8.902,0.0608,0.0934,0.0278,0.024,0.1536,0.1725,0.0445,0.0441,0.2836,0.0242,0.0069,0.0064,0.0382,19.0491,3.1306,13.171,26.46,0.1667,0.3727,0.0,1.0,0.2278,0.5095,0.0,1.367,0.3012,0.1016,0.0651,0.5148,6.6275,2.2349,1.432,11.328,0.0944,0.0223,0.0356,0.1411
iccad5,HSCAD516,FN,HS,NHS,gradcam_plus,30,False,15053,15053,15360,30,6,0.0306,3,26,0.3089,0.4161,0.0751,4.659,1.0,1.395,0.997,22.388,0.2175,0.0934,0.0278,0.024,0.1536,0.1725,0.0445,0.0441,0.2836,0.0242,0.0069,0.0064,0.0382,19.0491,3.1306,13.171,26.46,0.1667,0.3727,0.0,1.0,0.2278,0.5095,0.0,1.367,0.3012,0.1016,0.0651,0.5148,6.6275,2.2349,1.432,11.328,0.0944,0.0223,0.0356,0.1411
iccad5,HSCAD516,FN,HS,NHS,layercam,30,False,15053,15053,15360,30,6,0.0306,3,26,0.2173,0.3114,0.0541,8.002,1.0,1.395,0.932,20.926,0.1638,0.0934,0.0278,0.024,0.1536,0.1725,0.0445,0.0441,0.2836,0.0242,0.0069,0.0064,0.0382,19.0491,3.1306,13.171,26.46,0.1667,0.3727,0.0,1.0,0.2278,0.5095,0.0,1.367,0.3012,0.1016,0.0651,0.5148,6.6275,2.2349,1.432,11.328,0.0944,0.0223,0.0356,0.1411
iccad5,HSCAD516,FN,HS,NHS,occlusion,30,False,15053,15053,15360,30,6,0.0306,3,26,0.1926,0.3246,0.0487,7.851,1.0,1.395,0.4852,10.895,0.1777,0.0934,0.0278,0.024,0.1536,0.1725,0.0445,0.0441,0.2836,0.0242,0.0069,0.0064,0.0382,19.0491,3.1306,13.171,26.46,0.1667,0.3727,0.0,1.0,0.2278,0.5095,0.0,1.367,0.3012,0.1016,0.0651,0.5148,6.6275,2.2349,1.432,11.328,0.0944,0.0223,0.0356,0.1411
iccad5,HSCAD514,FN,HS,NHS,gradcam,10,False,5018,5018,5120,30,11,0.0417,0,54,0.327,0.1568,0.0779,5.366,0.0,0.0,0.067,9.366,0.3302,0.2959,0.055,0.1869,0.4047,0.1403,0.037,0.0699,0.2152,0.0697,0.0165,0.04,0.1066,5.8901,1.5951,2.401,8.841,0.0,0.0,0.0,0.0,0.0,0.0,0.0,0.0,0.0955,0.0524,0.0,0.188,13.0989,7.1901,0.0,25.781,0.2933,0.0658,0.1743,0.4264
iccad5,HSCAD514,FN,HS,NHS,gradcam_plus,10,False,5018,5018,5120,30,11,0.0417,0,54,0.2511,0.1447,0.0711,5.846,0.0,0.0,0.1809,25.309,0.2157,0.2959,0.055,0.1869,0.4047,0.1403,0.037,0.0699,0.2152,0.0697,0.0165,0.04,0.1066,5.8901,1.5951,2.401,8.841,0.0,0.0,0.0,0.0,0.0,0.0,0.0,0.0,0.0955,0.0524,0.0,0.188,13.0989,7.1901,0.0,25.781,0.2933,0.0658,0.1743,0.4264
iccad5,HSCAD514,FN,HS,NHS,layercam,10,False,5018,5018,5120,30,11,0.0417,0,54,0.3501,0.1483,0.0755,3.77,0.0,0.0,0.2194,30.69,0.3041,0.2959,0.055,0.1869,0.4047,0.1403,0.037,0.0699,0.2152,0.0697,0.0165,0.04,0.1066,5.8901,1.5951,2.401,8.841,0.0,0.0,0.0,0.0,0.0,0.0,0.0,0.0,0.0955,0.0524,0.0,0.188,13.0989,7.1901,0.0,25.781,0.2933,0.0658,0.1743,0.4264
iccad5,HSCAD514,FN,HS,NHS,occlusion,10,False,5018,5018,5120,30,11,0.0417,0,54,0.3667,0.2047,0.0797,3.556,0.0,0.0,0.1083,15.145,0.3877,0.2959,0.055,0.1869,0.4047,0.1403,0.037,0.0699,0.2152,0.0697,0.0165,0.04,0.1066,5.8901,1.5951,2.401,8.841,0.0,0.0,0.0,0.0,0.0,0.0,0.0,0.0,0.0955,0.0524,0.0,0.188,13.0989,7.1901,0.0,25.781,0.2933,0.0658,0.1743,0.4264
iccad5,HSCAD514,FN,HS,NHS,gradcam,20,False,10035,10035,10240,30,11,0.0417,0,54,0.356,0.1618,0.0844,4.879,0.0,0.0,0.1567,10.962,0.35,0.286,0.037,0.2033,0.3533,0.1365,0.0243,0.0875,0.1836,0.0679,0.0108,0.0475,0.0896,6.0656,1.1022,4.014,8.317,0.0,0.0,0.0,0.0,0.0,0.0,0.0,0.0,0.2023,0.064,0.0741,0.3433,13.8671,4.3868,5.078,23.535,0.2837,0.0422,0.1964,0.3693
iccad5,HSCAD514,FN,HS,NHS,gradcam_plus,20,False,10035,10035,10240,30,11,0.0417,0,54,0.2458,0.1151,0.0549,6.274,0.0,0.0,0.3262,22.82,0.2312,0.286,0.037,0.2033,0.3533,0.1365,0.0243,0.0875,0.1836,0.0679,0.0108,0.0475,0.0896,6.0656,1.1022,4.014,8.317,0.0,0.0,0.0,0.0,0.0,0.0,0.0,0.0,0.2023,0.064,0.0741,0.3433,13.8671,4.3868,5.078,23.535,0.2837,0.0422,0.1964,0.3693
iccad5,HSCAD514,FN,HS,NHS,layercam,20,False,10035,10035,10240,30,11,0.0417,0,54,0.3842,0.146,0.0802,3.818,0.0,0.0,0.4145,28.999,0.3197,0.286,0.037,0.2033,0.3533,0.1365,0.0243,0.0875,0.1836,0.0679,0.0108,0.0475,0.0896,6.0656,1.1022,4.014,8.317,0.0,0.0,0.0,0.0,0.0,0.0,0.0,0.0,0.2023,0.064,0.0741,0.3433,13.8671,4.3868,5.078,23.535,0.2837,0.0422,0.1964,0.3693
iccad5,HSCAD514,FN,HS,NHS,occlusion,20,False,10035,10035,10240,30,11,0.0417,0,54,0.3742,0.1998,0.0886,3.758,0.0,0.0,0.2251,15.745,0.3848,0.286,0.037,0.2033,0.3533,0.1365,0.0243,0.0875,0.1836,0.0679,0.0108,0.0475,0.0896,6.0656,1.1022,4.014,8.317,0.0,0.0,0.0,0.0,0.0,0.0,0.0,0.0,0.2023,0.064,0.0741,0.3433,13.8671,4.3868,5.078,23.535,0.2837,0.0422,0.1964,0.3693
iccad5,HSCAD514,FN,HS,NHS,gradcam,30,False,15053,15053,15360,30,11,0.0417,0,54,0.3336,0.1667,0.081,4.826,0.0,0.0,0.5071,23.65,0.3282,0.302,0.0329,0.2382,0.3608,0.1491,0.0189,0.1052,0.1807,0.0723,0.0089,0.0546,0.0901,5.5287,0.8088,4.024,7.337,0.0,0.0,0.0,0.0,0.0,0.0,0.0,0.0,0.3144,0.0775,0.1937,0.4758,14.3685,3.5418,8.854,21.745,0.305,0.0353,0.2255,0.3636
iccad5,HSCAD514,FN,HS,NHS,gradcam_plus,30,False,15053,15053,15360,30,11,0.0417,0,54,0.266,0.1096,0.0565,6.048,0.0,0.0,0.5641,26.307,0.2431,0.302,0.0329,0.2382,0.3608,0.1491,0.0189,0.1052,0.1807,0.0723,0.0089,0.0546,0.0901,5.5287,0.8088,4.024,7.337,0.0,0.0,0.0,0.0,0.0,0.0,0.0,0.0,0.3144,0.0775,0.1937,0.4758,14.3685,3.5418,8.854,21.745,0.305,0.0353,0.2255,0.3636
iccad5,HSCAD514,FN,HS,NHS,layercam,30,False,15053,15053,15360,30,11,0.0417,0,54,0.3856,0.1509,0.0826,3.921,0.0,0.0,0.6282,29.296,0.3215,0.302,0.0329,0.2382,0.3608,0.1491,0.0189,0.1052,0.1807,0.0723,0.0089,0.0546,0.0901,5.5287,0.8088,4.024,7.337,0.0,0.0,0.0,0.0,0.0,0.0,0.0,0.0,0.3144,0.0775,0.1937,0.4758,14.3685,3.5418,8.854,21.745,0.305,0.0353,0.2255,0.3636
iccad5,HSCAD514,FN,HS,NHS,occlusion,30,False,15053,15053,15360,30,11,0.0417,0,54,0.3822,0.1939,0.0913,3.744,0.0,0.0,0.433,20.195,0.373,0.302,0.0329,0.2382,0.3608,0.1491,0.0189,0.1052,0.1807,0.0723,0.0089,0.0546,0.0901,5.5287,0.8088,4.024,7.337,0.0,0.0,0.0,0.0,0.0,0.0,0.0,0.0,0.3144,0.0775,0.1937,0.4758,14.3685,3.5418,8.854,21.745,0.305,0.0353,0.2255,0.3636
