case_type,benchmark,method,level_pct,n_samples,n_degenerate_excluded,geometry_fraction_median,geometry_fraction_iqr,geometry_fraction_std,geometry_fraction_control_median,geometry_fraction_paired_diff_median,narrow_gap_fraction_median,narrow_gap_fraction_iqr,narrow_gap_fraction_std,narrow_gap_fraction_control_median,narrow_gap_fraction_paired_diff_median,thin_line_fraction_median,thin_line_fraction_iqr,thin_line_fraction_std,thin_line_fraction_control_median,thin_line_fraction_paired_diff_median,boundary_proximity_mean_median,boundary_proximity_mean_iqr,boundary_proximity_mean_std,boundary_proximity_mean_control_median,boundary_proximity_mean_paired_diff_median,junction_recall_median,junction_recall_iqr,junction_recall_std,junction_recall_control_median,junction_recall_paired_diff_median,junction_density_per_kpx_median,junction_density_per_kpx_iqr,junction_density_per_kpx_std,junction_density_per_kpx_control_median,junction_density_per_kpx_paired_diff_median,corner_recall_median,corner_recall_iqr,corner_recall_std,corner_recall_control_median,corner_recall_paired_diff_median,corner_density_per_kpx_median,corner_density_per_kpx_iqr,corner_density_per_kpx_std,corner_density_per_kpx_control_median,corner_density_per_kpx_paired_diff_median,local_density_mean_median,local_density_mean_iqr,local_density_mean_std,local_density_mean_control_median,local_density_mean_paired_diff_median
FN,iccad5,gradcam,10,2,0,0.1883,0.1387,0.1387,0.1913,-0.0029,0.1368,0.02,0.02,0.1566,-0.0198,0.0459,0.032,0.032,0.046,-0.0001,13.251,7.885,7.885,12.6162,0.6348,0.0,0.0,0.0,0.0333,-0.0333,0.0,0.0,0.0,0.1368,-0.1368,0.072,0.0049,0.0049,0.0959,-0.0239,7.2735,2.0925,2.0925,9.7297,-2.4563,0.191,0.1393,0.1393,0.191,-0.0001
FN,iccad5,gradcam,20,2,0,0.2125,0.1435,0.1435,0.1936,0.0189,0.1498,0.012,0.012,0.1605,-0.0107,0.0513,0.0331,0.0331,0.0469,0.0045,11.909,7.03,7.03,12.4916,-0.5826,0.0,0.0,0.0,0.1167,-0.1167,0.0,0.0,0.0,0.2393,-0.2393,0.1864,0.0296,0.0296,0.2034,-0.017,9.1185,1.8435,1.8435,10.3093,-1.1908,0.2066,0.1434,0.1434,0.1915,0.0151
FN,iccad5,gradcam,30,2,0,0.1995,0.1342,0.1342,0.1977,0.0018,0.1502,0.0165,0.0165,0.1608,-0.0106,0.0496,0.0313,0.0314,0.0483,0.0014,12.7045,7.8785,7.8785,12.2889,0.4156,0.0953,0.0953,0.0953,0.0833,0.0119,0.133,0.133,0.133,0.1139,0.0191,0.4517,0.0554,0.0554,0.3078,0.1439,16.276,7.374,7.374,10.498,5.778,0.1945,0.1337,0.1337,0.1997,-0.0052
FN,iccad5,gradcam_plus,10,2,0,0.3766,0.1255,0.1255,0.1913,0.1854,0.2469,0.1022,0.1022,0.1566,0.0903,0.0792,0.0081,0.0081,0.046,0.0332,4.6135,1.2325,1.2325,12.6162,-8.0027,0.5,0.5,0.5,0.0333,0.4667,2.0925,2.0925,2.0925,0.1368,1.9557,0.4041,0.2232,0.2231,0.0959,0.3081,33.7785,8.4695,8.4695,9.7297,24.0487,0.2289,0.0132,0.0132,0.191,0.0378
FN,iccad5,gradcam_plus,20,2,0,0.3322,0.0864,0.0864,0.1936,0.1386,0.2681,0.1531,0.1531,0.1605,0.1076,0.0715,0.0166,0.0166,0.0469,0.0246,4.857,1.417,1.417,12.4916,-7.6346,0.5,0.5,0.5,0.1167,0.3833,1.0465,1.0465,1.0465,0.2393,0.8072,0.6231,0.2969,0.297,0.2034,0.4198,26.906,4.086,4.086,10.3093,16.5968,0.2353,0.0041,0.0041,0.1915,0.0438
FN,iccad5,gradcam_plus,30,2,0,0.2874,0.0215,0.0214,0.1977,0.0898,0.2629,0.1533,0.1532,0.1608,0.1021,0.0658,0.0093,0.0093,0.0483,0.0175,5.3535,0.6945,0.6945,12.2889,-6.9354,0.5,0.5,0.5,0.0833,0.4167,0.6975,0.6975,0.6975,0.1139,0.5836,0.7806,0.2164,0.2164,0.3078,0.4728,24.3475,1.9595,1.9595,10.498,13.8495,0.2303,0.0128,0.0128,0.1997,0.0306
FN,iccad5,layercam,10,2,0,0.3325,0.0176,0.0176,0.1913,0.1413,0.2517,0.1034,0.1034,0.1566,0.0951,0.0693,0.0062,0.0062,0.046,0.0232,4.6425,0.8725,0.8725,12.6162,-7.9737,0.5,0.5,0.5,0.0333,0.4667,2.0925,2.0925,2.0925,0.1368,1.9557,0.3257,0.1063,0.1063,0.0959,0.2298,29.8925,0.7975,0.7975,9.7297,20.1628,0.2481,0.0559,0.0559,0.191,0.0571
FN,iccad5,layercam,20,2,0,0.3207,0.0635,0.0635,0.1936,0.1271,0.2399,0.0939,0.0939,0.1605,0.0794,0.0704,0.0097,0.0097,0.0469,0.0236,5.32,1.502,1.502,12.4916,-7.1716,0.5,0.5,0.5,0.1167,0.3833,1.0465,1.0465,1.0465,0.2393,0.8072,0.6022,0.1877,0.1877,0.2034,0.3988,27.803,1.196,1.196,10.3093,17.4937,0.2471,0.0726,0.0726,0.1915,0.0556
FN,iccad5,layercam,30,2,0,0.3014,0.0841,0.0842,0.1977,0.1038,0.2312,0.0802,0.0803,0.1608,0.0704,0.0684,0.0142,0.0143,0.0483,0.0201,5.9615,2.0405,2.0405,12.2889,-6.3274,0.5,0.5,0.5,0.0833,0.4167,0.6975,0.6975,0.6975,0.1139,0.5836,0.7801,0.1519,0.1519,0.3078,0.4723,25.111,4.185,4.185,10.498,14.613,0.2427,0.0789,0.0789,0.1997,0.043
FN,iccad5,occlusion,10,2,0,0.3051,0.0616,0.0616,0.1913,0.1139,0.2654,0.0608,0.0607,0.1566,0.1089,0.0699,0.0097,0.0097,0.046,0.0239,5.3045,1.7485,1.7485,12.6162,-7.3117,0.0,0.0,0.0,0.0333,-0.0333,0.0,0.0,0.0,0.1368,-0.1368,0.0674,0.0408,0.0408,0.0959,-0.0285,8.4695,6.6755,6.6755,9.7297,-1.2603,0.2882,0.0995,0.0995,0.191,0.0971
FN,iccad5,occlusion,20,2,0,0.2849,0.0892,0.0892,0.1936,0.0914,0.2635,0.0637,0.0636,0.1605,0.1029,0.0687,0.02,0.0199,0.0469,0.0218,5.7,1.942,1.942,12.4916,-6.7916,0.5,0.5,0.5,0.1167,0.3833,1.0465,1.0465,1.0465,0.2393,0.8072,0.2605,0.0354,0.0354,0.2034,0.0571,12.855,2.89,2.89,10.3093,2.5457,0.2818,0.1029,0.1029,0.1915,0.0904
FN,iccad5,occlusion,30,2,0,0.2874,0.0948,0.0948,0.1977,0.0897,0.2592,0.0653,0.0654,0.1608,0.0984,0.07,0.0213,0.0213,0.0483,0.0218,5.7975,2.0535,2.0535,12.2889,-6.4914,0.5,0.5,0.5,0.0833,0.4167,0.6975,0.6975,0.6975,0.1139,0.5836,0.4591,0.0261,0.0261,0.3078,0.1513,15.545,4.65,4.65,10.498,5.047,0.2753,0.0976,0.0977,0.1997,0.0756
FP,iccad5,gradcam,10,3,0,0.3206,0.055,0.0474,0.3043,0.0163,0.2716,0.0779,0.071,0.1641,0.1105,0.1112,0.0268,0.0246,0.0726,0.0386,1.607,0.066,0.0615,6.795,-5.188,0.0,0.0,0.0,0.0,0.0,0.0,0.0,0.0,0.0,0.0,0.3577,0.0308,0.028,0.1189,0.2437,35.871,5.381,4.8162,9.6158,21.5873,0.4437,0.0118,0.0104,0.3086,0.1314
FP,iccad5,gradcam,20,3,0,0.3257,0.0908,0.0849,0.3241,-0.0015,0.2695,0.0313,0.0292,0.1696,0.1134,0.0961,0.0041,0.0035,0.0774,0.025,1.734,0.088,0.0795,6.2668,-4.5488,0.0,0.0,0.0,0.0,0.0,0.0,0.0,0.0,0.0,0.0,0.5385,0.022,0.0196,0.1973,0.3467,27.902,5.0325,4.3673,9.349,15.0791,0.4556,0.0053,0.0043,0.3189,0.1367
FP,iccad5,gradcam,30,3,0,0.4224,0.0155,0.0144,0.3056,0.1168,0.2605,0.0271,0.0251,0.172,0.1096,0.1216,0.0111,0.0103,0.0729,0.0443,1.683,0.2585,0.2416,6.8226,-5.1486,0.0,0.0,0.0,0.0,0.0,0.0,0.0,0.0,0.0,0.0,0.7115,0.0273,0.023,0.307,0.3947,25.111,4.75,4.1538,9.2817,14.7528,0.4513,0.0183,0.0163,0.3069,0.149
FP,iccad5,gradcam_plus,10,3,0,0.283,0.0788,0.0648,0.3043,-0.0213,0.1684,0.0877,0.0775,0.1641,0.0182,0.0833,0.0142,0.0123,0.0726,0.0049,4.71,0.979,0.8393,6.795,-2.085,0.0,0.0,0.0,0.0,0.0,0.0,0.0,0.0,0.0,0.0,0.4698,0.0188,0.0155,0.1189,0.3611,47.23,12.3555,10.0952,9.6158,37.6142,0.274,0.0658,0.0538,0.3086,-0.0346
FP,iccad5,gradcam_plus,20,3,0,0.3438,0.0854,0.0697,0.3241,0.0197,0.1737,0.0746,0.068,0.1696,0.0087,0.0939,0.0154,0.0126,0.0774,0.0297,3.487,0.5805,0.4785,6.2668,-2.7798,0.0,0.0,0.0,0.0,0.0,0.0,0.0,0.0,0.0,0.0,0.8442,0.0775,0.0729,0.1973,0.5925,43.747,12.656,10.7236,9.349,34.398,0.3334,0.0492,0.0402,0.3189,0.0145
FP,iccad5,gradcam_plus,30,3,0,0.3262,0.067,0.0578,0.3056,0.0206,0.1951,0.0739,0.0623,0.172,0.046,0.0785,0.0084,0.0071,0.0729,0.0056,3.301,0.6445,0.5284,6.8226,-3.5216,0.0,0.0,0.0,0.0,0.0,0.0,0.0,0.0,0.0,0.0,0.9308,0.0166,0.0135,0.307,0.631,32.153,6.7095,5.6061,9.2817,22.8713,0.3424,0.0391,0.032,0.3069,0.0355
FP,iccad5,layercam,10,3,0,0.5207,0.0146,0.0131,0.3043,0.219,0.2268,0.0555,0.0514,0.1641,0.0726,0.121,0.0024,0.0022,0.0726,0.0484,1.786,0.0855,0.0705,6.795,-5.009,0.0,0.0,0.0,0.0,0.0,0.0,0.0,0.0,0.0,0.0,0.1593,0.0308,0.0278,0.1189,0.0404,12.356,2.79,2.464,9.6158,3.1076,0.4624,0.0159,0.0131,0.3086,0.1538
FP,iccad5,layercam,20,3,0,0.5012,0.0267,0.0246,0.3241,0.1771,0.2253,0.0445,0.0404,0.1696,0.0635,0.1129,0.0056,0.0051,0.0774,0.0355,1.932,0.262,0.231,6.2668,-4.3348,0.0,0.0,0.0,0.0,0.0,0.0,0.0,0.0,0.0,0.0,0.3577,0.054,0.0447,0.1973,0.1736,17.14,2.0925,1.7399,9.349,7.3383,0.4495,0.0275,0.0233,0.3189,0.1306
FP,iccad5,layercam,30,3,0,0.4664,0.0327,0.0286,0.3056,0.1608,0.2098,0.0381,0.0356,0.172,0.0594,0.1066,0.0068,0.0064,0.0729,0.0337,2.149,0.3915,0.3609,6.8226,-4.6736,0.0,0.0,0.0,0.0,0.0,0.0,0.0,0.0,0.0,0.0,0.5404,0.0816,0.0677,0.307,0.2662,17.206,2.1255,1.7635,9.2817,6.9072,0.4347,0.0334,0.0298,0.3069,0.1278
FP,iccad5,occlusion,10,3,0,0.5008,0.0059,0.0053,0.3043,0.1955,0.236,0.0446,0.0409,0.1641,0.0808,0.1186,0.0014,0.0013,0.0726,0.046,2.207,0.0885,0.0816,6.795,-4.588,0.0,0.0,0.0,0.0,0.0,0.0,0.0,0.0,0.0,0.0,0.2635,0.0734,0.0631,0.1189,0.1688,27.501,0.199,0.1625,9.6158,17.6862,0.4378,0.007,0.0058,0.3086,0.1207
FP,iccad5,occlusion,20,3,0,0.4469,0.0083,0.007,0.3241,0.1122,0.2064,0.0463,0.0435,0.1696,0.0518,0.1051,0.0019,0.0015,0.0774,0.0252,2.746,0.075,0.0705,6.2668,-3.3718,0.0,0.0,0.0,0.0,0.0,0.0,0.0,0.0,0.0,0.0,0.3615,0.0937,0.0793,0.1973,0.1774,18.635,0.2985,0.2612,9.349,9.385,0.3969,0.0073,0.0066,0.3189,0.078
FP,iccad5,occlusion,30,3,0,0.4293,0.0115,0.0101,0.3056,0.1237,0.1959,0.0398,0.0367,0.172,0.0432,0.1014,0.0028,0.0023,0.0729,0.0285,2.939,0.187,0.1575,6.8226,-3.8836,0.0,0.0,0.0,0.0,0.0,0.0,0.0,0.0,0.0,0.0,0.5019,0.1404,0.1171,0.307,0.2277,16.741,0.4985,0.4097,9.2817,8.0573,0.3912,0.0211,0.0173,0.3069,0.0843
TN,iccad5,gradcam,10,3,0,0.0745,0.1065,0.1004,0.0596,0.0149,0.1965,0.0368,0.0346,0.1729,0.0198,0.0177,0.022,0.0207,0.0145,0.0032,26.041,10.1755,9.5936,27.5077,-1.4667,0.0,0.0,0.0,0.0,0.0,0.0,0.0,0.0,0.0,0.0,0.0,0.0013,0.0012,0.1019,-0.0993,0.0,0.1995,0.1881,2.0963,-2.0963,0.0753,0.0992,0.0936,0.0607,0.0146
TN,iccad5,gradcam,20,3,0,0.0754,0.1181,0.1113,0.0639,0.013,0.1962,0.0265,0.025,0.1812,0.0063,0.0178,0.0268,0.0253,0.0158,0.0027,25.998,10.53,9.9278,26.3737,-0.5044,0.0,0.0,0.0,0.0,0.0,0.0,0.0,0.0,0.0,0.0,0.0,0.0352,0.0332,0.2026,-0.2026,0.0,2.7405,2.5838,2.1029,-2.1029,0.0757,0.1146,0.1081,0.065,0.0138
TN,iccad5,gradcam,30,3,0,0.0736,0.1168,0.1101,0.0663,0.0107,0.1981,0.0241,0.0227,0.177,0.0059,0.0181,0.0282,0.0266,0.0162,0.003,25.948,10.584,9.9787,25.9506,-0.3784,0.0,0.0,0.0,0.0,0.0,0.0,0.0,0.0,0.0,0.0,0.5,0.0552,0.052,0.3288,0.1468,3.454,8.3705,7.8918,2.3915,1.2275,0.0711,0.1103,0.1039,0.0654,0.0099
TN,iccad5,gradcam_plus,10,3,0,0.4743,0.1709,0.1611,0.0596,0.4147,0.4408,0.168,0.1584,0.1729,0.2641,0.0861,0.0235,0.0222,0.0145,0.0716,3.368,1.747,1.6471,27.5077,-24.1397,0.0,0.0416,0.0393,0.0,0.0,0.0,0.1995,0.1881,0.0,0.0,0.8942,0.3798,0.3581,0.1019,0.791,18.533,1.196,1.1276,2.0963,16.4367,0.2101,0.0297,0.028,0.0607,0.1494
TN,iccad5,gradcam_plus,20,3,0,0.3076,0.0802,0.0757,0.0639,0.2437,0.5136,0.1987,0.1874,0.1812,0.3237,0.0619,0.0095,0.0089,0.0158,0.0461,5.394,0.556,0.5242,26.3737,-20.9797,0.0,0.1666,0.1571,0.0,0.0,0.0,0.3985,0.3757,0.0,0.0,0.9904,0.358,0.3375,0.2026,0.7833,10.264,5.5305,5.2142,2.1029,8.1611,0.1967,0.015,0.0141,0.065,0.1317
TN,iccad5,gradcam_plus,30,3,0,0.2168,0.0194,0.0183,0.0663,0.1505,0.3991,0.1435,0.1353,0.177,0.2069,0.0526,0.0011,0.001,0.0162,0.0364,11.345,2.5245,2.3801,25.9506,-14.6056,0.0,0.2917,0.275,0.0,0.0,0.0,0.465,0.4384,0.0,0.0,1.0,0.2474,0.2333,0.3288,0.6468,6.909,9.6325,9.0816,2.3915,4.6825,0.1482,0.0154,0.0145,0.0654,0.0828
TN,iccad5,layercam,10,3,0,0.1427,0.098,0.0923,0.0596,0.0831,0.5347,0.1946,0.1835,0.1729,0.358,0.0347,0.0196,0.0185,0.0145,0.0202,8.884,2.5515,2.4056,27.5077,-18.6237,0.0,0.1459,0.1375,0.0,0.0,0.0,0.6975,0.6576,0.0,0.0,0.7692,0.3019,0.2846,0.1019,0.666,15.943,4.882,4.6028,2.0963,13.8467,0.1419,0.0639,0.0603,0.0607,0.0812
TN,iccad5,layercam,20,3,0,0.1391,0.1037,0.0978,0.0639,0.0767,0.4195,0.1334,0.1258,0.1812,0.2296,0.0357,0.0209,0.0197,0.0158,0.0199,12.029,4.15,3.9127,26.3737,-14.3447,0.0,0.2917,0.275,0.0,0.0,0.0,0.6975,0.6576,0.0,0.0,0.8654,0.2686,0.2532,0.2026,0.6583,8.969,8.271,7.798,2.1029,6.9117,0.1277,0.0753,0.0709,0.065,0.0627
TN,iccad5,layercam,30,3,0,0.1261,0.1052,0.0992,0.0663,0.0598,0.3427,0.093,0.0876,0.177,0.1505,0.0306,0.0225,0.0212,0.0162,0.0144,14.941,5.5645,5.2463,25.9506,-11.0096,0.0,0.375,0.3536,0.0,0.0,0.0,0.598,0.5638,0.0,0.0,0.875,0.1926,0.1816,0.3288,0.5218,6.045,9.666,9.1132,2.3915,3.8185,0.1113,0.0846,0.0797,0.0654,0.0459
TN,iccad5,occlusion,10,3,0,0.2168,0.1396,0.1316,0.0596,0.1582,0.4928,0.1412,0.1331,0.1729,0.3161,0.0446,0.0267,0.0252,0.0145,0.0301,7.529,2.7105,2.5555,27.5077,-19.9787,0.0,0.0,0.0,0.0,0.0,0.0,0.0,0.0,0.0,0.0,0.0096,0.0125,0.0118,0.1019,-0.0846,0.199,2.591,2.4428,2.0963,-1.8973,0.1987,0.1356,0.1279,0.0607,0.1404
TN,iccad5,occlusion,20,3,0,0.1846,0.1292,0.1218,0.0639,0.1222,0.4407,0.1209,0.114,0.1812,0.2508,0.0416,0.0256,0.0241,0.0158,0.0258,8.967,3.069,2.8935,26.3737,-17.4067,0.0,0.0,0.0,0.0,0.0,0.0,0.0,0.0,0.0,0.0,0.375,0.1144,0.1079,0.2026,0.1679,3.886,3.737,3.5233,2.1029,1.7831,0.1702,0.1159,0.1093,0.065,0.1083
TN,iccad5,occlusion,30,3,0,0.1466,0.1248,0.1177,0.0663,0.0837,0.3664,0.0911,0.0858,0.177,0.1742,0.0341,0.0264,0.0249,0.0162,0.0179,11.004,3.8825,3.6605,25.9506,-14.9466,0.0,0.0209,0.0197,0.0,0.0,0.0,0.033,0.0311,0.0,0.0,0.5865,0.1663,0.1568,0.3288,0.2333,4.052,4.551,4.2907,2.3915,1.6605,0.1365,0.1204,0.1135,0.0654,0.0758
TP,iccad5,gradcam,10,3,0,0.4504,0.0315,0.0283,0.2147,0.2357,0.3665,0.0892,0.0833,0.1614,0.2051,0.1022,0.0038,0.0034,0.0519,0.0571,1.794,0.113,0.0974,9.9601,-8.2131,0.0,0.1666,0.1571,0.0542,0.0,0.0,1.5945,1.5033,0.2539,0.0,0.3584,0.0654,0.0584,0.1005,0.2579,39.657,5.4805,4.5299,11.9987,29.286,0.443,0.0144,0.0127,0.2146,0.226
TP,iccad5,gradcam,20,3,0,0.4591,0.0105,0.0086,0.2055,0.2626,0.3379,0.0539,0.0498,0.1671,0.1845,0.1044,0.0053,0.0044,0.0494,0.0576,1.93,0.1905,0.1753,11.1505,-9.2205,0.5,0.375,0.3118,0.1833,0.3167,1.794,1.196,1.0164,0.4297,1.3643,0.5286,0.1037,0.0977,0.187,0.3416,35.575,3.438,2.8072,11.1588,22.6747,0.4204,0.0174,0.0155,0.201,0.2237
TP,iccad5,gradcam,30,3,0,0.4361,0.0124,0.0105,0.229,0.2246,0.3223,0.0476,0.0405,0.1686,0.1537,0.0992,0.0048,0.004,0.0545,0.0485,2.255,0.2775,0.2422,9.4839,-7.3249,0.875,0.5,0.4449,0.2375,0.5417,1.594,1.395,1.1429,0.3711,1.2229,0.7267,0.1036,0.0952,0.2927,0.424,32.153,1.5945,1.3949,12.7104,19.3037,0.4051,0.0336,0.0297,0.2264,0.1882
TP,iccad5,gradcam_plus,10,3,0,0.4878,0.0286,0.0244,0.2147,0.281,0.3378,0.0555,0.0454,0.1614,0.1777,0.1108,0.0039,0.0032,0.0519,0.0627,2.565,0.42,0.3891,9.9601,-8.2051,0.5,0.4166,0.3425,0.0542,0.3833,3.986,2.3915,2.0923,0.2539,3.6891,0.3696,0.0307,0.0274,0.1005,0.27,42.447,3.288,2.6851,11.9987,28.888,0.3691,0.0492,0.041,0.2146,0.1521
TP,iccad5,gradcam_plus,20,3,0,0.4309,0.0263,0.022,0.2055,0.2424,0.2772,0.0698,0.0652,0.1671,0.1253,0.0958,0.0117,0.0097,0.0494,0.0458,3.031,0.0795,0.0654,11.1505,-8.1825,0.5625,0.5,0.4093,0.1833,0.3792,2.392,1.3455,1.2043,0.4297,1.8315,0.6773,0.0534,0.0499,0.187,0.4922,38.565,2.6905,2.1973,11.1588,26.547,0.3503,0.0162,0.0132,0.201,0.1664
TP,iccad5,gradcam_plus,30,3,0,0.3969,0.0175,0.0152,0.229,0.1739,0.2956,0.0671,0.0607,0.1686,0.127,0.0901,0.0043,0.0035,0.0545,0.0394,3.134,0.137,0.112,9.4839,-6.4979,0.8958,0.5,0.4489,0.2375,0.5625,1.594,1.4285,1.169,0.3711,1.2229,0.8593,0.0427,0.0355,0.2927,0.5666,36.006,2.79,2.6304,12.7104,23.1567,0.3524,0.0178,0.0147,0.2264,0.1389
TP,iccad5,layercam,10,3,0,0.4841,0.0219,0.0189,0.2147,0.2694,0.3031,0.0549,0.048,0.1614,0.143,0.1046,0.0018,0.0015,0.0519,0.0539,2.473,0.2265,0.1851,9.9601,-7.6951,0.0,0.0625,0.0589,0.0542,0.0,0.0,0.299,0.2819,0.2539,0.0,0.2291,0.0887,0.0726,0.1005,0.1286,27.9,7.5725,6.3213,11.9987,15.9013,0.4354,0.0483,0.0438,0.2146,0.2184
TP,iccad5,layercam,20,3,0,0.4409,0.0453,0.037,0.2055,0.2465,0.2929,0.0534,0.0492,0.1671,0.1438,0.0979,0.007,0.0057,0.0494,0.0552,2.721,0.3635,0.2969,11.1505,-8.7765,0.0,0.4167,0.3928,0.1833,0.0,0.0,0.9965,0.9395,0.4297,0.0,0.4697,0.0948,0.0813,0.187,0.2827,27.205,3.438,2.9677,11.1588,17.4412,0.4042,0.0385,0.0341,0.201,0.1839
TP,iccad5,layercam,30,3,0,0.4075,0.0483,0.0395,0.229,0.2031,0.2854,0.0495,0.0437,0.1686,0.1168,0.0925,0.0116,0.0096,0.0545,0.0427,3.072,0.527,0.4361,9.4839,-6.7889,0.5208,0.4792,0.3917,0.2375,0.1875,1.528,0.8305,0.7536,0.3711,0.6196,0.6563,0.0867,0.0796,0.2927,0.3368,23.583,2.2585,1.882,12.7104,13.4268,0.3749,0.038,0.0326,0.2264,0.1653
TP,iccad5,occlusion,10,3,0,0.505,0.0587,0.0479,0.2147,0.3115,0.3489,0.0614,0.0517,0.1614,0.1875,0.1166,0.0086,0.007,0.0519,0.0737,2.009,0.3325,0.275,9.9601,-7.7121,0.0,0.0,0.0,0.0542,-0.0542,0.0,0.0,0.0,0.2539,-0.2539,0.2831,0.0652,0.0576,0.1005,0.1826,32.084,5.6795,4.8894,11.9987,21.713,0.4225,0.0509,0.0419,0.2146,0.2079
TP,iccad5,occlusion,20,3,0,0.4262,0.0211,0.0173,0.2055,0.228,0.3106,0.0665,0.058,0.1671,0.1615,0.1044,0.002,0.0017,0.0494,0.0558,2.687,0.1655,0.1358,11.1505,-8.5995,0.0,0.0,0.0,0.1833,-0.1833,0.0,0.0,0.0,0.4297,-0.4297,0.4975,0.1462,0.1197,0.187,0.3105,30.294,5.132,4.1919,11.1588,19.1352,0.4028,0.027,0.0242,0.201,0.2006
TP,iccad5,occlusion,30,3,0,0.3738,0.0649,0.053,0.229,0.1601,0.2914,0.036,0.0323,0.1686,0.1228,0.0975,0.0147,0.0128,0.0545,0.042,3.265,0.708,0.6005,9.4839,-6.2189,0.0,0.1875,0.1768,0.2375,0.0,0.0,0.299,0.2819,0.3711,0.0,0.6187,0.1226,0.1022,0.2927,0.2992,24.713,2.3915,2.167,12.7104,12.4006,0.3813,0.0408,0.037,0.2264,0.1563
