benchmark,sample_id,actual_label,predicted_label,prediction_probability,p_hs,p_nhs,prediction_correct,case_type,target_class,target_layer,original_path,heatmap_path,overlay_path,comparison_path,total_activation,mean_activation,peak_activation,top10_threshold,top10_activation_fraction,centroid_x,centroid_y,spatial_spread,activated_area_fraction_gt05
iccad1,HS73,HS,HS,0.7887,0.7887,0.2113,True,TP,HS,conv2d_5,results/gradcam/iccad1/iccad1_TP_HS_predHS_sampleHS73_original.png,results/gradcam/iccad1/iccad1_TP_HS_predHS_sampleHS73_heatmap.png,results/gradcam/iccad1/iccad1_TP_HS_predHS_sampleHS73_overlay.png,results/gradcam/iccad1/iccad1_TP_HS_predHS_sampleHS73_comparison.png,10210.0273,0.2035,1.0,0.6192,0.3625,112.03,107.12,100.81,0.1506
iccad1,HS53,HS,HS,0.7688,0.7688,0.2312,True,TP,HS,conv2d_5,results/gradcam/iccad1/iccad1_TP_HS_predHS_sampleHS53_original.png,results/gradcam/iccad1/iccad1_TP_HS_predHS_sampleHS53_heatmap.png,results/gradcam/iccad1/iccad1_TP_HS_predHS_sampleHS53_overlay.png,results/gradcam/iccad1/iccad1_TP_HS_predHS_sampleHS53_comparison.png,10751.6748,0.2143,1.0,0.6694,0.3655,108.84,108.92,101.95,0.1623
iccad1,HS68,HS,HS,0.7501,0.7501,0.2499,True,TP,HS,conv2d_5,results/gradcam/iccad1/iccad1_TP_HS_predHS_sampleHS68_original.png,results/gradcam/iccad1/iccad1_TP_HS_predHS_sampleHS68_heatmap.png,results/gradcam/iccad1/iccad1_TP_HS_predHS_sampleHS68_overlay.png,results/gradcam/iccad1/iccad1_TP_HS_predHS_sampleHS68_comparison.png,8633.5518,0.1721,1.0,0.5239,0.4113,104.85,88.07,94.43,0.1073
iccad1,HS184,HS,HS,0.7434,0.7434,0.2566,True,TP,HS,conv2d_5,results/gradcam/iccad1/iccad1_TP_HS_predHS_sampleHS184_original.png,results/gradcam/iccad1/iccad1_TP_HS_predHS_sampleHS184_heatmap.png,results/gradcam/iccad1/iccad1_TP_HS_predHS_sampleHS184_overlay.png,results/gradcam/iccad1/iccad1_TP_HS_predHS_sampleHS184_comparison.png,11909.5938,0.2374,1.0,0.5986,0.3112,118.55,100.41,87.15,0.1647
iccad1,NNHS329_8,NHS,NHS,0.896,0.104,0.896,True,TN,NHS,conv2d_5,results/gradcam/iccad1/iccad1_TN_NHS_predNHS_sampleNNHS329_8_original.png,results/gradcam/iccad1/iccad1_TN_NHS_predNHS_sampleNNHS329_8_heatmap.png,results/gradcam/iccad1/iccad1_TN_NHS_predNHS_sampleNNHS329_8_overlay.png,results/gradcam/iccad1/iccad1_TN_NHS_predNHS_sampleNNHS329_8_comparison.png,5029.9941,0.1002,1.0,0.3117,0.6059,124.2,140.63,90.95,0.0642
iccad1,NNHS321_9,NHS,NHS,0.9007,0.0993,0.9007,True,TN,NHS,conv2d_5,results/gradcam/iccad1/iccad1_TN_NHS_predNHS_sampleNNHS321_9_original.png,results/gradcam/iccad1/iccad1_TN_NHS_predNHS_sampleNNHS321_9_heatmap.png,results/gradcam/iccad1/iccad1_TN_NHS_predNHS_sampleNNHS321_9_overlay.png,results/gradcam/iccad1/iccad1_TN_NHS_predNHS_sampleNNHS321_9_comparison.png,9651.9961,0.1924,1.0,0.6468,0.4115,122.31,132.66,84.93,0.1634
iccad1,NNHS413_7,NHS,NHS,0.8921,0.1079,0.8921,True,TN,NHS,conv2d_5,results/gradcam/iccad1/iccad1_TN_NHS_predNHS_sampleNNHS413_7_original.png,results/gradcam/iccad1/iccad1_TN_NHS_predNHS_sampleNNHS413_7_heatmap.png,results/gradcam/iccad1/iccad1_TN_NHS_predNHS_sampleNNHS413_7_overlay.png,results/gradcam/iccad1/iccad1_TN_NHS_predNHS_sampleNNHS413_7_comparison.png,9710.4873,0.1935,1.0,0.6268,0.3907,112.82,133.05,85.87,0.1554
iccad1,NNHS491_8,NHS,NHS,0.8821,0.1179,0.8821,True,TN,NHS,conv2d_5,results/gradcam/iccad1/iccad1_TN_NHS_predNHS_sampleNNHS491_8_original.png,results/gradcam/iccad1/iccad1_TN_NHS_predNHS_sampleNNHS491_8_heatmap.png,results/gradcam/iccad1/iccad1_TN_NHS_predNHS_sampleNNHS491_8_overlay.png,results/gradcam/iccad1/iccad1_TN_NHS_predNHS_sampleNNHS491_8_comparison.png,9034.4922,0.1801,1.0,0.5725,0.3829,124.61,121.06,87.62,0.1366
iccad1,NHS125_1,NHS,HS,0.7292,0.7292,0.2708,False,FP,HS,conv2d_5,results/gradcam/iccad1/iccad1_FP_NHS_predHS_sampleNHS125_1_original.png,results/gradcam/iccad1/iccad1_FP_NHS_predHS_sampleNHS125_1_heatmap.png,results/gradcam/iccad1/iccad1_FP_NHS_predHS_sampleNHS125_1_overlay.png,results/gradcam/iccad1/iccad1_FP_NHS_predHS_sampleNHS125_1_comparison.png,13683.9434,0.2727,1.0,0.712,0.3096,118.56,122.97,90.96,0.234
iccad1,NHS6_7,NHS,HS,0.7275,0.7275,0.2725,False,FP,HS,conv2d_5,results/gradcam/iccad1/iccad1_FP_NHS_predHS_sampleNHS6_7_original.png,results/gradcam/iccad1/iccad1_FP_NHS_predHS_sampleNHS6_7_heatmap.png,results/gradcam/iccad1/iccad1_FP_NHS_predHS_sampleNHS6_7_overlay.png,results/gradcam/iccad1/iccad1_FP_NHS_predHS_sampleNHS6_7_comparison.png,11413.6094,0.2275,1.0,0.7098,0.3826,106.45,124.92,83.64,0.1551
iccad1,NHS114_9,NHS,HS,0.7674,0.7674,0.2326,False,FP,HS,conv2d_5,results/gradcam/iccad1/iccad1_FP_NHS_predHS_sampleNHS114_9_original.png,results/gradcam/iccad1/iccad1_FP_NHS_predHS_sampleNHS114_9_heatmap.png,results/gradcam/iccad1/iccad1_FP_NHS_predHS_sampleNHS114_9_overlay.png,results/gradcam/iccad1/iccad1_FP_NHS_predHS_sampleNHS114_9_comparison.png,7802.8018,0.1555,1.0,0.5425,0.4811,105.73,139.53,92.67,0.1134
iccad1,NHS115_6,NHS,HS,0.7346,0.7346,0.2654,False,FP,HS,conv2d_5,results/gradcam/iccad1/iccad1_FP_NHS_predHS_sampleNHS115_6_original.png,results/gradcam/iccad1/iccad1_FP_NHS_predHS_sampleNHS115_6_heatmap.png,results/gradcam/iccad1/iccad1_FP_NHS_predHS_sampleNHS115_6_overlay.png,results/gradcam/iccad1/iccad1_FP_NHS_predHS_sampleNHS115_6_comparison.png,9474.4092,0.1888,1.0,0.664,0.414,108.93,63.94,86.74,0.1746
iccad1,HS176,HS,NHS,0.5611,0.4389,0.5611,False,FN,NHS,conv2d_5,results/gradcam/iccad1/iccad1_FN_HS_predNHS_sampleHS176_original.png,results/gradcam/iccad1/iccad1_FN_HS_predNHS_sampleHS176_heatmap.png,results/gradcam/iccad1/iccad1_FN_HS_predNHS_sampleHS176_overlay.png,results/gradcam/iccad1/iccad1_FN_HS_predNHS_sampleHS176_comparison.png,4510.8022,0.0899,1.0,0.2837,0.536,146.1,107.41,80.81,0.0367
iccad1,HS26,HS,NHS,0.5751,0.4249,0.5751,False,FN,NHS,conv2d_5,results/gradcam/iccad1/iccad1_FN_HS_predNHS_sampleHS26_original.png,results/gradcam/iccad1/iccad1_FN_HS_predNHS_sampleHS26_heatmap.png,results/gradcam/iccad1/iccad1_FN_HS_predNHS_sampleHS26_overlay.png,results/gradcam/iccad1/iccad1_FN_HS_predNHS_sampleHS26_comparison.png,5841.6934,0.1164,1.0,0.4421,0.5765,108.67,172.02,80.82,0.0851
iccad1,HS203,HS,NHS,0.492,0.508,0.492,False,FN,NHS,conv2d_5,results/gradcam/iccad1/iccad1_FN_HS_predNHS_sampleHS203_original.png,results/gradcam/iccad1/iccad1_FN_HS_predNHS_sampleHS203_heatmap.png,results/gradcam/iccad1/iccad1_FN_HS_predNHS_sampleHS203_overlay.png,results/gradcam/iccad1/iccad1_FN_HS_predNHS_sampleHS203_comparison.png,2935.2231,0.0585,1.0,0.2047,0.7049,76.48,133.65,80.83,0.0275
iccad2,HSCAD2331,HS,HS,0.9944,0.9944,0.0056,True,TP,HS,conv2d_5,results/gradcam/iccad2/iccad2_TP_HS_predHS_sampleHSCAD2331_original.png,results/gradcam/iccad2/iccad2_TP_HS_predHS_sampleHSCAD2331_heatmap.png,results/gradcam/iccad2/iccad2_TP_HS_predHS_sampleHSCAD2331_overlay.png,results/gradcam/iccad2/iccad2_TP_HS_predHS_sampleHSCAD2331_comparison.png,25627.4707,0.5108,1.0,0.7917,0.1648,116.54,111.13,85.99,0.4048
iccad2,HSCAD2115,HS,HS,0.9917,0.9917,0.0083,True,TP,HS,conv2d_5,results/gradcam/iccad2/iccad2_TP_HS_predHS_sampleHSCAD2115_original.png,results/gradcam/iccad2/iccad2_TP_HS_predHS_sampleHSCAD2115_heatmap.png,results/gradcam/iccad2/iccad2_TP_HS_predHS_sampleHSCAD2115_overlay.png,results/gradcam/iccad2/iccad2_TP_HS_predHS_sampleHSCAD2115_comparison.png,22155.7695,0.4416,1.0,0.7029,0.1766,106.82,112.88,84.75,0.3402
iccad2,HSCAD291,HS,HS,0.9922,0.9922,0.0078,True,TP,HS,conv2d_5,results/gradcam/iccad2/iccad2_TP_HS_predHS_sampleHSCAD291_original.png,results/gradcam/iccad2/iccad2_TP_HS_predHS_sampleHSCAD291_heatmap.png,results/gradcam/iccad2/iccad2_TP_HS_predHS_sampleHSCAD291_overlay.png,results/gradcam/iccad2/iccad2_TP_HS_predHS_sampleHSCAD291_comparison.png,26509.9414,0.5283,1.0,0.7869,0.1587,102.73,113.22,86.83,0.5032
iccad2,HSCAD2250,HS,HS,0.9889,0.9889,0.0111,True,TP,HS,conv2d_5,results/gradcam/iccad2/iccad2_TP_HS_predHS_sampleHSCAD2250_original.png,results/gradcam/iccad2/iccad2_TP_HS_predHS_sampleHSCAD2250_heatmap.png,results/gradcam/iccad2/iccad2_TP_HS_predHS_sampleHSCAD2250_overlay.png,results/gradcam/iccad2/iccad2_TP_HS_predHS_sampleHSCAD2250_comparison.png,25518.6699,0.5086,1.0,0.7789,0.1668,109.92,101.09,82.36,0.5657
iccad2,NNHSCAD2998_7,NHS,NHS,1.0,0.0,1.0,True,TN,NHS,conv2d_5,results/gradcam/iccad2/iccad2_TN_NHS_predNHS_sampleNNHSCAD2998_7_original.png,results/gradcam/iccad2/iccad2_TN_NHS_predNHS_sampleNNHSCAD2998_7_heatmap.png,results/gradcam/iccad2/iccad2_TN_NHS_predNHS_sampleNNHSCAD2998_7_overlay.png,results/gradcam/iccad2/iccad2_TN_NHS_predNHS_sampleNNHSCAD2998_7_comparison.png,3969.4395,0.0791,1.0,0.2486,0.7496,110.25,177.25,63.45,0.062
iccad2,NHSCAD20_9,NHS,NHS,1.0,0.0,1.0,True,TN,NHS,conv2d_5,results/gradcam/iccad2/iccad2_TN_NHS_predNHS_sampleNHSCAD20_9_original.png,results/gradcam/iccad2/iccad2_TN_NHS_predNHS_sampleNHSCAD20_9_heatmap.png,results/gradcam/iccad2/iccad2_TN_NHS_predNHS_sampleNHSCAD20_9_overlay.png,results/gradcam/iccad2/iccad2_TN_NHS_predNHS_sampleNHSCAD20_9_comparison.png,2355.9697,0.047,1.0,0.0733,0.96,77.85,128.04,44.71,0.0427
iccad2,NHSCAD20_8,NHS,NHS,1.0,0.0,1.0,True,TN,NHS,conv2d_5,results/gradcam/iccad2/iccad2_TN_NHS_predNHS_sampleNHSCAD20_8_original.png,results/gradcam/iccad2/iccad2_TN_NHS_predNHS_sampleNHSCAD20_8_heatmap.png,results/gradcam/iccad2/iccad2_TN_NHS_predNHS_sampleNHSCAD20_8_overlay.png,results/gradcam/iccad2/iccad2_TN_NHS_predNHS_sampleNHSCAD20_8_comparison.png,1344.3958,0.0268,1.0,0.044,0.8929,102.29,122.59,82.92,0.0161
iccad2,NNHSCAD21121_1,NHS,NHS,1.0,0.0,1.0,True,TN,NHS,conv2d_5,results/gradcam/iccad2/iccad2_TN_NHS_predNHS_sampleNNHSCAD21121_1_original.png,results/gradcam/iccad2/iccad2_TN_NHS_predNHS_sampleNNHSCAD21121_1_heatmap.png,results/gradcam/iccad2/iccad2_TN_NHS_predNHS_sampleNNHSCAD21121_1_overlay.png,results/gradcam/iccad2/iccad2_TN_NHS_predNHS_sampleNNHSCAD21121_1_comparison.png,3260.9587,0.065,1.0,0.2497,0.9435,112.0,186.16,64.12,0.0656
iccad2,NNHSCAD21848_7,NHS,HS,0.9921,0.9921,0.0079,False,FP,HS,conv2d_5,results/gradcam/iccad2/iccad2_FP_NHS_predHS_sampleNNHSCAD21848_7_original.png,results/gradcam/iccad2/iccad2_FP_NHS_predHS_sampleNNHSCAD21848_7_heatmap.png,results/gradcam/iccad2/iccad2_FP_NHS_predHS_sampleNNHSCAD21848_7_overlay.png,results/gradcam/iccad2/iccad2_FP_NHS_predHS_sampleNNHSCAD21848_7_comparison.png,27981.0254,0.5577,1.0,0.8368,0.1584,106.77,114.25,86.58,0.5435
iccad2,NNHSCAD24019_9,NHS,HS,0.9917,0.9917,0.0083,False,FP,HS,conv2d_5,results/gradcam/iccad2/iccad2_FP_NHS_predHS_sampleNNHSCAD24019_9_original.png,results/gradcam/iccad2/iccad2_FP_NHS_predHS_sampleNNHSCAD24019_9_heatmap.png,results/gradcam/iccad2/iccad2_FP_NHS_predHS_sampleNNHSCAD24019_9_overlay.png,results/gradcam/iccad2/iccad2_FP_NHS_predHS_sampleNNHSCAD24019_9_comparison.png,19343.6562,0.3855,1.0,0.5938,0.1757,109.93,96.69,87.87,0.2572
iccad2,NHSCAD2220_6,NHS,HS,0.9896,0.9896,0.0104,False,FP,HS,conv2d_5,results/gradcam/iccad2/iccad2_FP_NHS_predHS_sampleNHSCAD2220_6_original.png,results/gradcam/iccad2/iccad2_FP_NHS_predHS_sampleNHSCAD2220_6_heatmap.png,results/gradcam/iccad2/iccad2_FP_NHS_predHS_sampleNHSCAD2220_6_overlay.png,results/gradcam/iccad2/iccad2_FP_NHS_predHS_sampleNHSCAD2220_6_comparison.png,27091.3613,0.5399,1.0,0.8533,0.1696,109.91,118.43,87.63,0.5242
iccad2,NHSCAD2305_6,NHS,HS,0.9895,0.9895,0.0105,False,FP,HS,conv2d_5,results/gradcam/iccad2/iccad2_FP_NHS_predHS_sampleNHSCAD2305_6_original.png,results/gradcam/iccad2/iccad2_FP_NHS_predHS_sampleNHSCAD2305_6_heatmap.png,results/gradcam/iccad2/iccad2_FP_NHS_predHS_sampleNHSCAD2305_6_overlay.png,results/gradcam/iccad2/iccad2_FP_NHS_predHS_sampleNHSCAD2305_6_comparison.png,27535.4805,0.5488,1.0,0.8418,0.1662,110.27,111.13,89.05,0.5052
iccad2,HSCAD2494,HS,NHS,1.0,0.0,1.0,False,FN,NHS,conv2d_5,results/gradcam/iccad2/iccad2_FN_HS_predNHS_sampleHSCAD2494_original.png,results/gradcam/iccad2/iccad2_FN_HS_predNHS_sampleHSCAD2494_heatmap.png,results/gradcam/iccad2/iccad2_FN_HS_predNHS_sampleHSCAD2494_overlay.png,results/gradcam/iccad2/iccad2_FN_HS_predNHS_sampleHSCAD2494_comparison.png,231.208,0.0046,1.0,0.0,1.0,21.9,96.57,8.62,0.0029
iccad2,HSCAD2493,HS,NHS,0.9997,0.0003,0.9997,False,FN,NHS,conv2d_5,results/gradcam/iccad2/iccad2_FN_HS_predNHS_sampleHSCAD2493_original.png,results/gradcam/iccad2/iccad2_FN_HS_predNHS_sampleHSCAD2493_heatmap.png,results/gradcam/iccad2/iccad2_FN_HS_predNHS_sampleHSCAD2493_overlay.png,results/gradcam/iccad2/iccad2_FN_HS_predNHS_sampleHSCAD2493_comparison.png,0.0,0.0,0.0,0.0,0.0,112.0,112.0,0.0,0.0
iccad2,HSCAD20,HS,NHS,0.9997,0.0003,0.9997,False,FN,NHS,conv2d_5,results/gradcam/iccad2/iccad2_FN_HS_predNHS_sampleHSCAD20_original.png,results/gradcam/iccad2/iccad2_FN_HS_predNHS_sampleHSCAD20_heatmap.png,results/gradcam/iccad2/iccad2_FN_HS_predNHS_sampleHSCAD20_overlay.png,results/gradcam/iccad2/iccad2_FN_HS_predNHS_sampleHSCAD20_comparison.png,0.0,0.0,0.0,0.0,0.0,112.0,112.0,0.0,0.0
iccad2,HSCAD2283,HS,NHS,0.7424,0.2576,0.7424,False,FN,NHS,conv2d_5,results/gradcam/iccad2/iccad2_FN_HS_predNHS_sampleHSCAD2283_original.png,results/gradcam/iccad2/iccad2_FN_HS_predNHS_sampleHSCAD2283_heatmap.png,results/gradcam/iccad2/iccad2_FN_HS_predNHS_sampleHSCAD2283_overlay.png,results/gradcam/iccad2/iccad2_FN_HS_predNHS_sampleHSCAD2283_comparison.png,1381.048,0.0275,1.0,0.0211,0.9945,52.61,125.4,83.81,0.0173
iccad3,HSCAD37,HS,HS,1.0,1.0,0.0,True,TP,HS,conv2d_5,results/gradcam/iccad3/iccad3_TP_HS_predHS_sampleHSCAD37_original.png,results/gradcam/iccad3/iccad3_TP_HS_predHS_sampleHSCAD37_heatmap.png,results/gradcam/iccad3/iccad3_TP_HS_predHS_sampleHSCAD37_overlay.png,results/gradcam/iccad3/iccad3_TP_HS_predHS_sampleHSCAD37_comparison.png,7093.8535,0.1414,1.0,0.3672,0.3286,144.19,108.33,88.78,0.0271
iccad3,HSCAD3991,HS,HS,1.0,1.0,0.0,True,TP,HS,conv2d_5,results/gradcam/iccad3/iccad3_TP_HS_predHS_sampleHSCAD3991_original.png,results/gradcam/iccad3/iccad3_TP_HS_predHS_sampleHSCAD3991_heatmap.png,results/gradcam/iccad3/iccad3_TP_HS_predHS_sampleHSCAD3991_overlay.png,results/gradcam/iccad3/iccad3_TP_HS_predHS_sampleHSCAD3991_comparison.png,3856.3462,0.0769,1.0,0.314,0.6609,144.96,81.81,100.62,0.0503
iccad3,HSCAD31679,HS,HS,1.0,1.0,0.0,True,TP,HS,conv2d_5,results/gradcam/iccad3/iccad3_TP_HS_predHS_sampleHSCAD31679_original.png,results/gradcam/iccad3/iccad3_TP_HS_predHS_sampleHSCAD31679_heatmap.png,results/gradcam/iccad3/iccad3_TP_HS_predHS_sampleHSCAD31679_overlay.png,results/gradcam/iccad3/iccad3_TP_HS_predHS_sampleHSCAD31679_comparison.png,1880.0677,0.0375,1.0,0.1128,0.647,140.28,78.42,94.8,0.0073
iccad3,HSCAD31493,HS,HS,1.0,1.0,0.0,True,TP,HS,conv2d_5,results/gradcam/iccad3/iccad3_TP_HS_predHS_sampleHSCAD31493_original.png,results/gradcam/iccad3/iccad3_TP_HS_predHS_sampleHSCAD31493_heatmap.png,results/gradcam/iccad3/iccad3_TP_HS_predHS_sampleHSCAD31493_overlay.png,results/gradcam/iccad3/iccad3_TP_HS_predHS_sampleHSCAD31493_comparison.png,3537.7053,0.0705,1.0,0.2182,0.7419,181.01,115.94,75.86,0.0495
iccad3,NHSCAD3100_1,NHS,NHS,1.0,0.0,1.0,True,TN,NHS,conv2d_5,results/gradcam/iccad3/iccad3_TN_NHS_predNHS_sampleNHSCAD3100_1_original.png,results/gradcam/iccad3/iccad3_TN_NHS_predNHS_sampleNHSCAD3100_1_heatmap.png,results/gradcam/iccad3/iccad3_TN_NHS_predNHS_sampleNHSCAD3100_1_overlay.png,results/gradcam/iccad3/iccad3_TN_NHS_predNHS_sampleNHSCAD3100_1_comparison.png,0.0,0.0,0.0,0.0,0.0,112.0,112.0,0.0,0.0
iccad3,NNHSCAD35348_9,NHS,NHS,1.0,0.0,1.0,True,TN,NHS,conv2d_5,results/gradcam/iccad3/iccad3_TN_NHS_predNHS_sampleNNHSCAD35348_9_original.png,results/gradcam/iccad3/iccad3_TN_NHS_predNHS_sampleNNHSCAD35348_9_heatmap.png,results/gradcam/iccad3/iccad3_TN_NHS_predNHS_sampleNNHSCAD35348_9_overlay.png,results/gradcam/iccad3/iccad3_TN_NHS_predNHS_sampleNNHSCAD35348_9_comparison.png,0.0,0.0,0.0,0.0,0.0,112.0,112.0,0.0,0.0
iccad3,NNHSCAD33501_8,NHS,NHS,1.0,0.0,1.0,True,TN,NHS,conv2d_5,results/gradcam/iccad3/iccad3_TN_NHS_predNHS_sampleNNHSCAD33501_8_original.png,results/gradcam/iccad3/iccad3_TN_NHS_predNHS_sampleNNHSCAD33501_8_heatmap.png,results/gradcam/iccad3/iccad3_TN_NHS_predNHS_sampleNNHSCAD33501_8_overlay.png,results/gradcam/iccad3/iccad3_TN_NHS_predNHS_sampleNNHSCAD33501_8_comparison.png,0.0,0.0,0.0,0.0,0.0,112.0,112.0,0.0,0.0
iccad3,NNHSCAD35347_4,NHS,NHS,1.0,0.0,1.0,True,TN,NHS,conv2d_5,results/gradcam/iccad3/iccad3_TN_NHS_predNHS_sampleNNHSCAD35347_4_original.png,results/gradcam/iccad3/iccad3_TN_NHS_predNHS_sampleNNHSCAD35347_4_heatmap.png,results/gradcam/iccad3/iccad3_TN_NHS_predNHS_sampleNNHSCAD35347_4_overlay.png,results/gradcam/iccad3/iccad3_TN_NHS_predNHS_sampleNNHSCAD35347_4_comparison.png,0.0,0.0,0.0,0.0,0.0,112.0,112.0,0.0,0.0
iccad3,NHSCAD3284_8,NHS,HS,1.0,1.0,0.0,False,FP,HS,conv2d_5,results/gradcam/iccad3/iccad3_FP_NHS_predHS_sampleNHSCAD3284_8_original.png,results/gradcam/iccad3/iccad3_FP_NHS_predHS_sampleNHSCAD3284_8_heatmap.png,results/gradcam/iccad3/iccad3_FP_NHS_predHS_sampleNHSCAD3284_8_overlay.png,results/gradcam/iccad3/iccad3_FP_NHS_predHS_sampleNHSCAD3284_8_comparison.png,3409.3018,0.0679,1.0,0.2193,0.6804,162.67,98.73,89.48,0.0387
iccad3,NHSCAD31326_8,NHS,HS,1.0,1.0,0.0,False,FP,HS,conv2d_5,results/gradcam/iccad3/iccad3_FP_NHS_predHS_sampleNHSCAD31326_8_original.png,results/gradcam/iccad3/iccad3_FP_NHS_predHS_sampleNHSCAD31326_8_heatmap.png,results/gradcam/iccad3/iccad3_FP_NHS_predHS_sampleNHSCAD31326_8_overlay.png,results/gradcam/iccad3/iccad3_FP_NHS_predHS_sampleNHSCAD31326_8_comparison.png,3086.731,0.0615,1.0,0.2249,0.6523,156.39,99.04,85.28,0.0228
iccad3,NHSCAD31800_8,NHS,HS,1.0,1.0,0.0,False,FP,HS,conv2d_5,results/gradcam/iccad3/iccad3_FP_NHS_predHS_sampleNHSCAD31800_8_original.png,results/gradcam/iccad3/iccad3_FP_NHS_predHS_sampleNHSCAD31800_8_heatmap.png,results/gradcam/iccad3/iccad3_FP_NHS_predHS_sampleNHSCAD31800_8_overlay.png,results/gradcam/iccad3/iccad3_FP_NHS_predHS_sampleNHSCAD31800_8_comparison.png,19490.3086,0.3884,1.0,0.6786,0.1964,99.7,109.8,93.86,0.3415
iccad3,NHSCAD3882_8,NHS,HS,1.0,1.0,0.0,False,FP,HS,conv2d_5,results/gradcam/iccad3/iccad3_FP_NHS_predHS_sampleNHSCAD3882_8_original.png,results/gradcam/iccad3/iccad3_FP_NHS_predHS_sampleNHSCAD3882_8_heatmap.png,results/gradcam/iccad3/iccad3_FP_NHS_predHS_sampleNHSCAD3882_8_overlay.png,results/gradcam/iccad3/iccad3_FP_NHS_predHS_sampleNHSCAD3882_8_comparison.png,1798.6589,0.0358,1.0,0.1132,0.9016,192.93,88.62,67.31,0.0154
iccad3,HSCAD31154,HS,NHS,1.0,0.0,1.0,False,FN,NHS,conv2d_5,results/gradcam/iccad3/iccad3_FN_HS_predNHS_sampleHSCAD31154_original.png,results/gradcam/iccad3/iccad3_FN_HS_predNHS_sampleHSCAD31154_heatmap.png,results/gradcam/iccad3/iccad3_FN_HS_predNHS_sampleHSCAD31154_overlay.png,results/gradcam/iccad3/iccad3_FN_HS_predNHS_sampleHSCAD31154_comparison.png,0.0,0.0,0.0,0.0,0.0,112.0,112.0,0.0,0.0
iccad3,HSCAD31784,HS,NHS,1.0,0.0,1.0,False,FN,NHS,conv2d_5,results/gradcam/iccad3/iccad3_FN_HS_predNHS_sampleHSCAD31784_original.png,results/gradcam/iccad3/iccad3_FN_HS_predNHS_sampleHSCAD31784_heatmap.png,results/gradcam/iccad3/iccad3_FN_HS_predNHS_sampleHSCAD31784_overlay.png,results/gradcam/iccad3/iccad3_FN_HS_predNHS_sampleHSCAD31784_comparison.png,358.5752,0.0071,1.0,0.0,1.0,21.9,195.54,11.24,0.0047
iccad3,HSCAD31751,HS,NHS,1.0,0.0,1.0,False,FN,NHS,conv2d_5,results/gradcam/iccad3/iccad3_FN_HS_predNHS_sampleHSCAD31751_original.png,results/gradcam/iccad3/iccad3_FN_HS_predNHS_sampleHSCAD31751_heatmap.png,results/gradcam/iccad3/iccad3_FN_HS_predNHS_sampleHSCAD31751_overlay.png,results/gradcam/iccad3/iccad3_FN_HS_predNHS_sampleHSCAD31751_comparison.png,0.0,0.0,0.0,0.0,0.0,112.0,112.0,0.0,0.0
iccad3,HSCAD31566,HS,NHS,1.0,0.0,1.0,False,FN,NHS,conv2d_5,results/gradcam/iccad3/iccad3_FN_HS_predNHS_sampleHSCAD31566_original.png,results/gradcam/iccad3/iccad3_FN_HS_predNHS_sampleHSCAD31566_heatmap.png,results/gradcam/iccad3/iccad3_FN_HS_predNHS_sampleHSCAD31566_overlay.png,results/gradcam/iccad3/iccad3_FN_HS_predNHS_sampleHSCAD31566_comparison.png,0.0,0.0,0.0,0.0,0.0,112.0,112.0,0.0,0.0
iccad4,HSCAD420,HS,HS,0.9978,0.9978,0.0022,True,TP,HS,conv2d_5,results/gradcam/iccad4/iccad4_TP_HS_predHS_sampleHSCAD420_original.png,results/gradcam/iccad4/iccad4_TP_HS_predHS_sampleHSCAD420_heatmap.png,results/gradcam/iccad4/iccad4_TP_HS_predHS_sampleHSCAD420_overlay.png,results/gradcam/iccad4/iccad4_TP_HS_predHS_sampleHSCAD420_comparison.png,22372.7949,0.4459,1.0,0.7046,0.1758,114.25,110.22,86.88,0.3351
iccad4,HSCAD497,HS,HS,0.9899,0.9899,0.0101,True,TP,HS,conv2d_5,results/gradcam/iccad4/iccad4_TP_HS_predHS_sampleHSCAD497_original.png,results/gradcam/iccad4/iccad4_TP_HS_predHS_sampleHSCAD497_heatmap.png,results/gradcam/iccad4/iccad4_TP_HS_predHS_sampleHSCAD497_overlay.png,results/gradcam/iccad4/iccad4_TP_HS_predHS_sampleHSCAD497_comparison.png,22746.3789,0.4533,1.0,0.7545,0.1865,113.73,100.93,83.39,0.3513
iccad4,HSCAD495,HS,HS,0.993,0.993,0.007,True,TP,HS,conv2d_5,results/gradcam/iccad4/iccad4_TP_HS_predHS_sampleHSCAD495_original.png,results/gradcam/iccad4/iccad4_TP_HS_predHS_sampleHSCAD495_heatmap.png,results/gradcam/iccad4/iccad4_TP_HS_predHS_sampleHSCAD495_overlay.png,results/gradcam/iccad4/iccad4_TP_HS_predHS_sampleHSCAD495_comparison.png,20176.4043,0.4021,1.0,0.6617,0.191,103.37,106.44,90.37,0.2409
iccad4,HSCAD499,HS,HS,0.9941,0.9941,0.0059,True,TP,HS,conv2d_5,results/gradcam/iccad4/iccad4_TP_HS_predHS_sampleHSCAD499_original.png,results/gradcam/iccad4/iccad4_TP_HS_predHS_sampleHSCAD499_heatmap.png,results/gradcam/iccad4/iccad4_TP_HS_predHS_sampleHSCAD499_overlay.png,results/gradcam/iccad4/iccad4_TP_HS_predHS_sampleHSCAD499_comparison.png,315.2942,0.0063,1.0,0.0,1.0,127.03,82.23,88.92,0.0029
iccad4,NHSCAD41020,NHS,NHS,1.0,0.0,1.0,True,TN,NHS,conv2d_5,results/gradcam/iccad4/iccad4_TN_NHS_predNHS_sampleNHSCAD41020_original.png,results/gradcam/iccad4/iccad4_TN_NHS_predNHS_sampleNHSCAD41020_heatmap.png,results/gradcam/iccad4/iccad4_TN_NHS_predNHS_sampleNHSCAD41020_overlay.png,results/gradcam/iccad4/iccad4_TN_NHS_predNHS_sampleNHSCAD41020_comparison.png,0.0,0.0,0.0,0.0,0.0,112.0,112.0,0.0,0.0
iccad4,NHSCAD410_7,NHS,NHS,1.0,0.0,1.0,True,TN,NHS,conv2d_5,results/gradcam/iccad4/iccad4_TN_NHS_predNHS_sampleNHSCAD410_7_original.png,results/gradcam/iccad4/iccad4_TN_NHS_predNHS_sampleNHSCAD410_7_heatmap.png,results/gradcam/iccad4/iccad4_TN_NHS_predNHS_sampleNHSCAD410_7_overlay.png,results/gradcam/iccad4/iccad4_TN_NHS_predNHS_sampleNHSCAD410_7_comparison.png,0.0,0.0,0.0,0.0,0.0,112.0,112.0,0.0,0.0
iccad4,NNHSCAD4999_9,NHS,NHS,1.0,0.0,1.0,True,TN,NHS,conv2d_5,results/gradcam/iccad4/iccad4_TN_NHS_predNHS_sampleNNHSCAD4999_9_original.png,results/gradcam/iccad4/iccad4_TN_NHS_predNHS_sampleNNHSCAD4999_9_heatmap.png,results/gradcam/iccad4/iccad4_TN_NHS_predNHS_sampleNNHSCAD4999_9_overlay.png,results/gradcam/iccad4/iccad4_TN_NHS_predNHS_sampleNNHSCAD4999_9_comparison.png,0.0,0.0,0.0,0.0,0.0,112.0,112.0,0.0,0.0
iccad4,NHSCAD4102_9,NHS,NHS,1.0,0.0,1.0,True,TN,NHS,conv2d_5,results/gradcam/iccad4/iccad4_TN_NHS_predNHS_sampleNHSCAD4102_9_original.png,results/gradcam/iccad4/iccad4_TN_NHS_predNHS_sampleNHSCAD4102_9_heatmap.png,results/gradcam/iccad4/iccad4_TN_NHS_predNHS_sampleNHSCAD4102_9_overlay.png,results/gradcam/iccad4/iccad4_TN_NHS_predNHS_sampleNHSCAD4102_9_comparison.png,0.0,0.0,0.0,0.0,0.0,112.0,112.0,0.0,0.0
iccad4,NHSCAD498_1,NHS,HS,0.9321,0.9321,0.0679,False,FP,HS,conv2d_5,results/gradcam/iccad4/iccad4_FP_NHS_predHS_sampleNHSCAD498_1_original.png,results/gradcam/iccad4/iccad4_FP_NHS_predHS_sampleNHSCAD498_1_heatmap.png,results/gradcam/iccad4/iccad4_FP_NHS_predHS_sampleNHSCAD498_1_overlay.png,results/gradcam/iccad4/iccad4_FP_NHS_predHS_sampleNHSCAD498_1_comparison.png,28506.2422,0.5681,1.0,0.7138,0.1409,108.28,107.53,89.26,0.7223
iccad4,NHSCAD4176_4,NHS,HS,0.9264,0.9264,0.0736,False,FP,HS,conv2d_5,results/gradcam/iccad4/iccad4_FP_NHS_predHS_sampleNHSCAD4176_4_original.png,results/gradcam/iccad4/iccad4_FP_NHS_predHS_sampleNHSCAD4176_4_heatmap.png,results/gradcam/iccad4/iccad4_FP_NHS_predHS_sampleNHSCAD4176_4_overlay.png,results/gradcam/iccad4/iccad4_FP_NHS_predHS_sampleNHSCAD4176_4_comparison.png,28507.2148,0.5681,1.0,0.7014,0.1346,108.49,116.26,90.29,0.7928
iccad4,NHSCAD446_4,NHS,HS,0.8511,0.8511,0.1489,False,FP,HS,conv2d_5,results/gradcam/iccad4/iccad4_FP_NHS_predHS_sampleNHSCAD446_4_original.png,results/gradcam/iccad4/iccad4_FP_NHS_predHS_sampleNHSCAD446_4_heatmap.png,results/gradcam/iccad4/iccad4_FP_NHS_predHS_sampleNHSCAD446_4_overlay.png,results/gradcam/iccad4/iccad4_FP_NHS_predHS_sampleNHSCAD446_4_comparison.png,23637.2051,0.4711,1.0,0.8173,0.1881,118.57,116.08,81.04,0.4165
iccad4,NHSCAD496_4,NHS,HS,0.7323,0.7323,0.2677,False,FP,HS,conv2d_5,results/gradcam/iccad4/iccad4_FP_NHS_predHS_sampleNHSCAD496_4_original.png,results/gradcam/iccad4/iccad4_FP_NHS_predHS_sampleNHSCAD496_4_heatmap.png,results/gradcam/iccad4/iccad4_FP_NHS_predHS_sampleNHSCAD496_4_overlay.png,results/gradcam/iccad4/iccad4_FP_NHS_predHS_sampleNHSCAD496_4_comparison.png,25298.5605,0.5042,1.0,0.8288,0.1762,119.81,106.43,82.97,0.428
iccad4,HSCAD488,HS,NHS,1.0,0.0,1.0,False,FN,NHS,conv2d_5,results/gradcam/iccad4/iccad4_FN_HS_predNHS_sampleHSCAD488_original.png,results/gradcam/iccad4/iccad4_FN_HS_predNHS_sampleHSCAD488_heatmap.png,results/gradcam/iccad4/iccad4_FN_HS_predNHS_sampleHSCAD488_overlay.png,results/gradcam/iccad4/iccad4_FN_HS_predNHS_sampleHSCAD488_comparison.png,0.0,0.0,0.0,0.0,0.0,112.0,112.0,0.0,0.0
iccad4,HSCAD4174,HS,NHS,1.0,0.0,1.0,False,FN,NHS,conv2d_5,results/gradcam/iccad4/iccad4_FN_HS_predNHS_sampleHSCAD4174_original.png,results/gradcam/iccad4/iccad4_FN_HS_predNHS_sampleHSCAD4174_heatmap.png,results/gradcam/iccad4/iccad4_FN_HS_predNHS_sampleHSCAD4174_overlay.png,results/gradcam/iccad4/iccad4_FN_HS_predNHS_sampleHSCAD4174_comparison.png,0.0,0.0,0.0,0.0,0.0,112.0,112.0,0.0,0.0
iccad4,HSCAD498,HS,NHS,1.0,0.0,1.0,False,FN,NHS,conv2d_5,results/gradcam/iccad4/iccad4_FN_HS_predNHS_sampleHSCAD498_original.png,results/gradcam/iccad4/iccad4_FN_HS_predNHS_sampleHSCAD498_heatmap.png,results/gradcam/iccad4/iccad4_FN_HS_predNHS_sampleHSCAD498_overlay.png,results/gradcam/iccad4/iccad4_FN_HS_predNHS_sampleHSCAD498_comparison.png,0.0,0.0,0.0,0.0,0.0,112.0,112.0,0.0,0.0
iccad4,HSCAD4172,HS,NHS,1.0,0.0,1.0,False,FN,NHS,conv2d_5,results/gradcam/iccad4/iccad4_FN_HS_predNHS_sampleHSCAD4172_original.png,results/gradcam/iccad4/iccad4_FN_HS_predNHS_sampleHSCAD4172_heatmap.png,results/gradcam/iccad4/iccad4_FN_HS_predNHS_sampleHSCAD4172_overlay.png,results/gradcam/iccad4/iccad4_FN_HS_predNHS_sampleHSCAD4172_comparison.png,0.0,0.0,0.0,0.0,0.0,112.0,112.0,0.0,0.0
iccad5,HSCAD59,HS,HS,0.9957,0.9957,0.0043,True,TP,HS,conv2d_5,results/gradcam/iccad5/iccad5_TP_HS_predHS_sampleHSCAD59_original.png,results/gradcam/iccad5/iccad5_TP_HS_predHS_sampleHSCAD59_heatmap.png,results/gradcam/iccad5/iccad5_TP_HS_predHS_sampleHSCAD59_overlay.png,results/gradcam/iccad5/iccad5_TP_HS_predHS_sampleHSCAD59_comparison.png,19358.7383,0.3858,1.0,0.6499,0.197,115.53,112.23,88.01,0.2722
iccad5,HSCAD528,HS,HS,0.9948,0.9948,0.0052,True,TP,HS,conv2d_5,results/gradcam/iccad5/iccad5_TP_HS_predHS_sampleHSCAD528_original.png,results/gradcam/iccad5/iccad5_TP_HS_predHS_sampleHSCAD528_heatmap.png,results/gradcam/iccad5/iccad5_TP_HS_predHS_sampleHSCAD528_overlay.png,results/gradcam/iccad5/iccad5_TP_HS_predHS_sampleHSCAD528_comparison.png,18037.4414,0.3595,1.0,0.5988,0.1941,123.44,115.92,82.86,0.235
iccad5,HSCAD50,HS,HS,0.9915,0.9915,0.0085,True,TP,HS,conv2d_5,results/gradcam/iccad5/iccad5_TP_HS_predHS_sampleHSCAD50_original.png,results/gradcam/iccad5/iccad5_TP_HS_predHS_sampleHSCAD50_heatmap.png,results/gradcam/iccad5/iccad5_TP_HS_predHS_sampleHSCAD50_overlay.png,results/gradcam/iccad5/iccad5_TP_HS_predHS_sampleHSCAD50_comparison.png,20263.9863,0.4039,1.0,0.6401,0.1841,114.23,106.72,87.37,0.2591
iccad5,HSCAD540,HS,HS,0.9922,0.9922,0.0078,True,TP,HS,conv2d_5,results/gradcam/iccad5/iccad5_TP_HS_predHS_sampleHSCAD540_original.png,results/gradcam/iccad5/iccad5_TP_HS_predHS_sampleHSCAD540_heatmap.png,results/gradcam/iccad5/iccad5_TP_HS_predHS_sampleHSCAD540_overlay.png,results/gradcam/iccad5/iccad5_TP_HS_predHS_sampleHSCAD540_comparison.png,22824.9805,0.4549,1.0,0.6863,0.1762,108.46,110.26,88.67,0.3328
iccad5,NNHSCAD52136_8,NHS,NHS,1.0,0.0,1.0,True,TN,NHS,conv2d_5,results/gradcam/iccad5/iccad5_TN_NHS_predNHS_sampleNNHSCAD52136_8_original.png,results/gradcam/iccad5/iccad5_TN_NHS_predNHS_sampleNNHSCAD52136_8_heatmap.png,results/gradcam/iccad5/iccad5_TN_NHS_predNHS_sampleNNHSCAD52136_8_overlay.png,results/gradcam/iccad5/iccad5_TN_NHS_predNHS_sampleNNHSCAD52136_8_comparison.png,0.0,0.0,0.0,0.0,0.0,112.0,112.0,0.0,0.0
iccad5,NHSCAD52118,NHS,NHS,1.0,0.0,1.0,True,TN,NHS,conv2d_5,results/gradcam/iccad5/iccad5_TN_NHS_predNHS_sampleNHSCAD52118_original.png,results/gradcam/iccad5/iccad5_TN_NHS_predNHS_sampleNHSCAD52118_heatmap.png,results/gradcam/iccad5/iccad5_TN_NHS_predNHS_sampleNHSCAD52118_overlay.png,results/gradcam/iccad5/iccad5_TN_NHS_predNHS_sampleNHSCAD52118_comparison.png,0.0,0.0,0.0,0.0,0.0,112.0,112.0,0.0,0.0
iccad5,NNHSCAD5149_9,NHS,NHS,1.0,0.0,1.0,True,TN,NHS,conv2d_5,results/gradcam/iccad5/iccad5_TN_NHS_predNHS_sampleNNHSCAD5149_9_original.png,results/gradcam/iccad5/iccad5_TN_NHS_predNHS_sampleNNHSCAD5149_9_heatmap.png,results/gradcam/iccad5/iccad5_TN_NHS_predNHS_sampleNNHSCAD5149_9_overlay.png,results/gradcam/iccad5/iccad5_TN_NHS_predNHS_sampleNNHSCAD5149_9_comparison.png,0.0,0.0,0.0,0.0,0.0,112.0,112.0,0.0,0.0
iccad5,NNHSCAD5420_9,NHS,NHS,1.0,0.0,1.0,True,TN,NHS,conv2d_5,results/gradcam/iccad5/iccad5_TN_NHS_predNHS_sampleNNHSCAD5420_9_original.png,results/gradcam/iccad5/iccad5_TN_NHS_predNHS_sampleNNHSCAD5420_9_heatmap.png,results/gradcam/iccad5/iccad5_TN_NHS_predNHS_sampleNNHSCAD5420_9_overlay.png,results/gradcam/iccad5/iccad5_TN_NHS_predNHS_sampleNNHSCAD5420_9_comparison.png,0.0,0.0,0.0,0.0,0.0,112.0,112.0,0.0,0.0
iccad5,NHSCAD57_8,NHS,HS,0.9952,0.9952,0.0048,False,FP,HS,conv2d_5,results/gradcam/iccad5/iccad5_FP_NHS_predHS_sampleNHSCAD57_8_original.png,results/gradcam/iccad5/iccad5_FP_NHS_predHS_sampleNHSCAD57_8_heatmap.png,results/gradcam/iccad5/iccad5_FP_NHS_predHS_sampleNHSCAD57_8_overlay.png,results/gradcam/iccad5/iccad5_FP_NHS_predHS_sampleNHSCAD57_8_comparison.png,24088.9082,0.4801,1.0,0.7405,0.1746,105.58,112.15,88.37,0.4056
iccad5,NHSCAD538_2,NHS,HS,0.9941,0.9941,0.0059,False,FP,HS,conv2d_5,results/gradcam/iccad5/iccad5_FP_NHS_predHS_sampleNHSCAD538_2_original.png,results/gradcam/iccad5/iccad5_FP_NHS_predHS_sampleNHSCAD538_2_heatmap.png,results/gradcam/iccad5/iccad5_FP_NHS_predHS_sampleNHSCAD538_2_overlay.png,results/gradcam/iccad5/iccad5_FP_NHS_predHS_sampleNHSCAD538_2_comparison.png,20795.6992,0.4145,1.0,0.6886,0.1922,114.95,109.46,89.78,0.321
iccad5,NHSCAD532_8,NHS,HS,0.9933,0.9933,0.0067,False,FP,HS,conv2d_5,results/gradcam/iccad5/iccad5_FP_NHS_predHS_sampleNHSCAD532_8_original.png,results/gradcam/iccad5/iccad5_FP_NHS_predHS_sampleNHSCAD532_8_heatmap.png,results/gradcam/iccad5/iccad5_FP_NHS_predHS_sampleNHSCAD532_8_overlay.png,results/gradcam/iccad5/iccad5_FP_NHS_predHS_sampleNHSCAD532_8_comparison.png,21572.125,0.4299,1.0,0.6649,0.1938,125.44,111.83,86.63,0.3446
iccad5,NHSCAD59_2,NHS,HS,0.9925,0.9925,0.0075,False,FP,HS,conv2d_5,results/gradcam/iccad5/iccad5_FP_NHS_predHS_sampleNHSCAD59_2_original.png,results/gradcam/iccad5/iccad5_FP_NHS_predHS_sampleNHSCAD59_2_heatmap.png,results/gradcam/iccad5/iccad5_FP_NHS_predHS_sampleNHSCAD59_2_overlay.png,results/gradcam/iccad5/iccad5_FP_NHS_predHS_sampleNHSCAD59_2_comparison.png,22439.7441,0.4472,1.0,0.7438,0.1882,117.46,110.72,90.52,0.3724
iccad5,HSCAD516,HS,NHS,0.9999,0.0001,0.9999,False,FN,NHS,conv2d_5,results/gradcam/iccad5/iccad5_FN_HS_predNHS_sampleHSCAD516_original.png,results/gradcam/iccad5/iccad5_FN_HS_predNHS_sampleHSCAD516_heatmap.png,results/gradcam/iccad5/iccad5_FN_HS_predNHS_sampleHSCAD516_overlay.png,results/gradcam/iccad5/iccad5_FN_HS_predNHS_sampleHSCAD516_comparison.png,0.0,0.0,0.0,0.0,0.0,112.0,112.0,0.0,0.0
