case_type,benchmark,method,level_pct,n_samples,geometry_fraction_median,geometry_fraction_iqr,geometry_fraction_std,geometry_fraction_control_median,geometry_fraction_paired_diff_median,narrow_gap_fraction_median,narrow_gap_fraction_iqr,narrow_gap_fraction_std,narrow_gap_fraction_control_median,narrow_gap_fraction_paired_diff_median,thin_line_fraction_median,thin_line_fraction_iqr,thin_line_fraction_std,thin_line_fraction_control_median,thin_line_fraction_paired_diff_median,boundary_proximity_mean_median,boundary_proximity_mean_iqr,boundary_proximity_mean_std,boundary_proximity_mean_control_median,boundary_proximity_mean_paired_diff_median,junction_recall_median,junction_recall_iqr,junction_recall_std,junction_recall_control_median,junction_recall_paired_diff_median,junction_density_per_kpx_median,junction_density_per_kpx_iqr,junction_density_per_kpx_std,junction_density_per_kpx_control_median,junction_density_per_kpx_paired_diff_median,corner_recall_median,corner_recall_iqr,corner_recall_std,corner_recall_control_median,corner_recall_paired_diff_median,corner_density_per_kpx_median,corner_density_per_kpx_iqr,corner_density_per_kpx_std,corner_density_per_kpx_control_median,corner_density_per_kpx_paired_diff_median,local_density_mean_median,local_density_mean_iqr,local_density_mean_std,local_density_mean_control_median,local_density_mean_paired_diff_median
FN,iccad1,gradcam,10,2,0.0004,0.0004,0.0004,0.1043,-0.1038,0.0517,0.0013,0.0013,0.1769,-0.1252,0.0004,0.0004,0.0004,0.0359,-0.0355,71.0825,0.7915,0.7915,31.7263,39.3562,0.0,0.0,0.0,0.0667,-0.0667,0.0,0.0,0.0,0.1693,-0.1693,0.0044,0.0045,0.0044,0.1087,-0.1042,0.299,0.299,0.299,6.429,-6.13,0.014,0.0016,0.0016,0.1069,-0.093
FN,iccad1,gradcam,20,2,0.0005,0.0005,0.0005,0.1177,-0.1172,0.0311,0.0015,0.0015,0.1881,-0.157,0.0005,0.0005,0.0005,0.0395,-0.039,61.438,0.061,0.061,32.3104,29.1276,0.0,0.0,0.0,0.1167,-0.1167,0.0,0.0,0.0,0.1482,-0.1482,0.0089,0.0089,0.0089,0.2192,-0.2102,0.299,0.299,0.299,6.5495,-6.2505,0.0083,0.0015,0.0015,0.1187,-0.1104
FN,iccad1,gradcam,30,2,0.0003,0.0003,0.0003,0.1119,-0.1115,0.0207,0.001,0.001,0.1767,-0.156,0.0003,0.0003,0.0003,0.0382,-0.0378,59.215,0.09,0.09,34.254,24.9611,0.0,0.0,0.0,0.1666,-0.1666,0.0,0.0,0.0,0.141,-0.141,0.0089,0.0089,0.0089,0.3046,-0.2957,0.1995,0.1995,0.1995,6.0536,-5.8541,0.0055,0.001,0.001,0.1112,-0.1057
FN,iccad1,gradcam_plus,10,2,0.1692,0.0203,0.0203,0.1043,0.065,0.6375,0.0355,0.0355,0.1769,0.4606,0.0912,0.0037,0.0037,0.0359,0.0552,4.663,0.214,0.214,31.7263,-27.0633,0.5,0.5,0.5,0.0667,0.4334,1.2955,1.2955,1.2955,0.1693,1.1263,0.474,0.0674,0.0674,0.1087,0.3653,29.2945,7.1745,7.1745,6.429,22.8655,0.2886,0.0246,0.0246,0.1069,0.1817
FN,iccad1,gradcam_plus,20,2,0.1844,0.0332,0.0332,0.1177,0.0668,0.5458,0.04,0.04,0.1881,0.3577,0.0949,0.0078,0.0078,0.0395,0.0554,5.2535,0.3895,0.3895,32.3104,-27.0569,0.5,0.5,0.5,0.1167,0.3833,0.6475,0.6475,0.6475,0.1482,0.4993,0.7601,0.0239,0.0239,0.2192,0.541,23.219,3.189,3.189,6.5495,16.6695,0.2595,0.0198,0.0198,0.1187,0.1407
FN,iccad1,gradcam_plus,30,2,0.1866,0.0228,0.0228,0.1119,0.0748,0.4917,0.0284,0.0285,0.1767,0.315,0.09,0.0072,0.0072,0.0382,0.0519,6.02,0.184,0.184,34.254,-28.234,0.5,0.5,0.5,0.1666,0.3334,0.432,0.432,0.432,0.141,0.291,0.9675,0.0178,0.0178,0.3046,0.6629,19.5975,1.7275,1.7275,6.0536,13.5439,0.237,0.0171,0.0171,0.1112,0.1258
FN,iccad1,layercam,10,2,0.2895,0.0082,0.0082,0.1043,0.1853,0.4847,0.0077,0.0078,0.1769,0.3077,0.1097,0.0029,0.0029,0.0359,0.0738,6.9435,0.8425,0.8425,31.7263,-24.7828,0.0,0.0,0.0,0.0667,-0.0667,0.0,0.0,0.0,0.1693,-0.1693,0.3821,0.0085,0.0085,0.1087,0.2733,23.316,2.989,2.989,6.429,16.887,0.2902,0.0099,0.0099,0.1069,0.1832
FN,iccad1,layercam,20,2,0.2539,0.0053,0.0053,0.1177,0.1362,0.4253,0.0,0.0,0.1881,0.2372,0.0907,0.0014,0.0014,0.0395,0.0512,10.9665,1.0285,1.0285,32.3104,-21.3439,0.0,0.0,0.0,0.1167,-0.1167,0.0,0.0,0.0,0.1482,-0.1482,0.6084,0.0809,0.0809,0.2192,0.3892,18.7845,4.4345,4.4345,6.5495,12.235,0.255,0.0087,0.0087,0.1187,0.1363
FN,iccad1,layercam,30,2,0.2194,0.0103,0.0103,0.1119,0.1076,0.3669,0.0067,0.0066,0.1767,0.1902,0.075,0.0015,0.0015,0.0382,0.0368,15.8875,0.5575,0.5575,34.254,-18.3665,0.0,0.0,0.0,0.1666,-0.1666,0.0,0.0,0.0,0.141,-0.141,0.7565,0.0276,0.0276,0.3046,0.4518,15.412,2.192,2.192,6.0536,9.3584,0.2236,0.0098,0.0098,0.1112,0.1124
FN,iccad1,occlusion,10,2,0.4054,0.0724,0.0724,0.1043,0.3012,0.3802,0.0016,0.0016,0.1769,0.2033,0.1072,0.0118,0.0117,0.0359,0.0713,5.538,0.352,0.352,31.7263,-26.1883,0.0,0.0,0.0,0.0667,-0.0667,0.0,0.0,0.0,0.1693,-0.1693,0.1808,0.0233,0.0233,0.1087,0.0721,11.1595,2.5905,2.5905,6.429,4.7305,0.377,0.0475,0.0475,0.1069,0.2701
FN,iccad1,occlusion,20,2,0.2559,0.0422,0.0422,0.1177,0.1382,0.2836,0.0273,0.0273,0.1881,0.0955,0.068,0.0027,0.0027,0.0395,0.0285,11.761,2.316,2.316,32.3104,-20.5494,0.0,0.0,0.0,0.1167,-0.1167,0.0,0.0,0.0,0.1482,-0.1482,0.2298,0.0393,0.0393,0.2192,0.0107,7.125,1.943,1.943,6.5495,0.5755,0.2497,0.038,0.0381,0.1187,0.131
FN,iccad1,occlusion,30,2,0.196,0.0102,0.0102,0.1119,0.0841,0.2287,0.0023,0.0023,0.1767,0.052,0.0529,0.0023,0.0024,0.0382,0.0148,20.983,0.833,0.833,34.254,-13.271,0.0,0.0,0.0,0.1666,-0.1666,0.0,0.0,0.0,0.141,-0.141,0.3333,0.1282,0.1282,0.3046,0.0287,7.0415,3.3215,3.3215,6.0536,0.9879,0.1891,0.0122,0.0122,0.1112,0.0779
FN,iccad2,gradcam,10,3,0.0,0.0016,0.0015,0.1706,-0.1706,0.0,0.0052,0.0049,0.1937,-0.1937,0.0,0.0016,0.0015,0.0554,-0.0554,56.451,15.466,14.0271,27.6789,25.5568,0.0,0.0,0.0,0.0,0.0,0.0,0.0,0.0,0.0,0.0,0.0,0.0,0.0,0.1059,-0.1059,0.0,0.0,0.0,6.8554,-6.8554,0.0,0.0022,0.0021,0.1667,-0.1667
FN,iccad2,gradcam,20,3,0.0,0.0077,0.0073,0.1397,-0.1397,0.0,0.017,0.0161,0.1818,-0.1818,0.0,0.0052,0.0049,0.0493,-0.0493,53.213,15.74,14.5007,30.4904,20.3808,0.0,0.0,0.0,0.0,0.0,0.0,0.0,0.0,0.0,0.0,0.0,0.0098,0.0093,0.2011,-0.2011,0.0,0.548,0.5167,6.1264,-6.1264,0.0,0.0152,0.0143,0.1426,-0.1426
FN,iccad2,gradcam,30,3,0.0,0.0312,0.0294,0.1393,-0.1393,0.0,0.0343,0.0323,0.1805,-0.1805,0.0,0.0184,0.0173,0.0475,-0.0475,50.238,18.8965,16.5743,31.1653,19.0727,0.0,0.0,0.0,0.0,0.0,0.0,0.0,0.0,0.0,0.0,0.0,0.0411,0.0388,0.2996,-0.2996,0.0,1.528,1.4406,6.0851,-6.0851,0.0,0.0324,0.0305,0.1401,-0.1401
FN,iccad2,gradcam_plus,10,3,0.3208,0.1509,0.1257,0.1706,0.2404,0.5652,0.2494,0.2183,0.1937,0.3656,0.0807,0.0679,0.0626,0.0554,0.0587,2.637,5.126,4.7418,27.6789,-25.4399,0.0,0.0,0.0,0.0,0.0,0.0,0.0,0.0,0.0,0.0,0.3782,0.1797,0.1527,0.1059,0.2657,23.515,7.274,6.2436,6.8554,16.6596,0.2471,0.1081,0.09,0.1667,0.1513
FN,iccad2,gradcam_plus,20,3,0.3181,0.1724,0.1433,0.1397,0.2488,0.4537,0.2343,0.1981,0.1818,0.2708,0.0843,0.0656,0.0551,0.0493,0.0646,3.616,6.7195,6.2707,30.4904,-26.8744,0.0,0.0,0.0,0.0,0.0,0.0,0.0,0.0,0.0,0.0,0.6987,0.37,0.3152,0.2011,0.4976,21.724,8.6695,7.5195,6.1264,15.5976,0.2388,0.1165,0.0967,0.1426,0.1683
FN,iccad2,gradcam_plus,30,3,0.2453,0.122,0.1009,0.1393,0.1625,0.3402,0.1793,0.1493,0.1805,0.1597,0.0687,0.0423,0.0357,0.0475,0.0459,16.323,2.4025,2.1796,31.1653,-14.8423,0.0,0.0,0.0,0.0,0.0,0.0,0.0,0.0,0.0,0.0,0.8718,0.3604,0.3269,0.2996,0.5722,17.671,5.148,4.7625,6.0851,11.9505,0.1907,0.082,0.0677,0.1401,0.1098
FN,iccad2,layercam,10,3,0.2451,0.0294,0.0255,0.1706,0.0809,0.4348,0.0978,0.09,0.1937,0.2352,0.1126,0.0397,0.0325,0.0554,0.0572,12.837,6.119,5.2308,27.6789,-14.8419,0.0,0.0,0.0,0.0,0.0,0.0,0.0,0.0,0.0,0.0,0.2885,0.1721,0.142,0.1059,0.176,17.935,5.4805,5.1208,6.8554,11.0796,0.2223,0.0491,0.0412,0.1667,0.0556
FN,iccad2,layercam,20,3,0.1782,0.0532,0.0496,0.1397,0.0526,0.3378,0.0685,0.0588,0.1818,0.1549,0.0843,0.0467,0.0386,0.0493,0.035,19.39,8.152,7.4583,30.4904,-11.1004,0.0,0.0,0.0,0.0,0.0,0.0,0.0,0.0,0.0,0.0,0.4423,0.1429,0.1191,0.2011,0.2412,18.137,2.89,2.4627,6.1264,7.6256,0.1799,0.0685,0.0561,0.1426,0.0373
FN,iccad2,layercam,30,3,0.1543,0.0664,0.0584,0.1393,0.015,0.2819,0.052,0.0433,0.1805,0.1014,0.0728,0.0452,0.0373,0.0475,0.0253,23.682,9.508,8.8451,31.1653,-7.4833,0.0,0.0,0.0,0.0,0.0,0.0,0.0,0.0,0.0,0.0,0.5321,0.0985,0.0844,0.2996,0.2325,13.021,3.554,2.9937,6.0851,7.3005,0.1584,0.076,0.0626,0.1401,0.0183
FN,iccad2,occlusion,10,3,0.2244,0.1451,0.1316,0.1706,0.144,0.2933,0.116,0.0952,0.1937,0.0937,0.0893,0.0285,0.0245,0.0554,0.0226,7.108,0.616,0.5696,27.6789,-21.7539,0.0,0.0,0.0,0.0,0.0,0.0,0.0,0.0,0.0,0.0,0.1891,0.1154,0.1004,0.1059,0.0766,11.758,12.8535,10.5075,6.8554,4.9026,0.2037,0.1468,0.1288,0.1667,0.1267
FN,iccad2,occlusion,20,3,0.1725,0.1122,0.0967,0.1397,0.1032,0.3002,0.1022,0.0895,0.1818,0.1173,0.064,0.0207,0.017,0.0493,0.019,8.324,0.914,0.7595,30.4904,-23.3794,0.0,0.0,0.0,0.0,0.0,0.0,0.0,0.0,0.0,0.0,0.2773,0.0265,0.0217,0.2011,0.0563,9.367,4.1855,3.5321,6.1264,3.187,0.1596,0.093,0.0844,0.1426,0.0891
FN,iccad2,occlusion,30,3,0.1317,0.0998,0.085,0.1393,0.0489,0.2804,0.0991,0.0921,0.1805,0.0834,0.0426,0.0195,0.0164,0.0475,0.0091,11.369,2.781,2.275,31.1653,-20.9391,0.0,0.0,0.0,0.0,0.0,0.0,0.0,0.0,0.0,0.0,0.3601,0.0464,0.0412,0.2996,0.0529,7.706,1.7605,1.4983,6.0851,1.1215,0.1245,0.0907,0.0803,0.1401,0.0436
FN,iccad3,gradcam,10,3,0.1748,0.0439,0.0367,0.1646,0.0273,0.2005,0.0208,0.0172,0.1761,0.0096,0.0413,0.0085,0.0072,0.039,0.0046,13.023,11.9935,10.5772,12.8443,0.1787,0.0,0.3108,0.293,0.0333,0.0,0.0,2.2915,2.1604,0.2409,0.0,0.049,0.037,0.0308,0.0957,-0.052,5.58,5.281,4.3142,11.2824,-5.7024,0.1792,0.0429,0.0353,0.1705,0.03
FN,iccad3,gradcam,20,3,0.1931,0.0432,0.0354,0.1605,0.0371,0.1984,0.0225,0.0185,0.1785,0.0193,0.0442,0.0095,0.0077,0.0379,0.0075,12.625,11.9985,10.6309,14.7616,-1.2954,0.6216,0.5,0.4123,0.1784,0.4432,2.292,1.196,1.1048,0.6447,1.5325,0.1287,0.0691,0.063,0.1797,-0.0494,7.872,4.584,4.0511,10.2571,-3.2669,0.1939,0.0457,0.0374,0.1665,0.0352
FN,iccad3,gradcam,30,3,0.1606,0.0395,0.0333,0.1721,0.0254,0.2014,0.0346,0.0293,0.1773,0.0077,0.0373,0.0091,0.0083,0.0413,0.0057,14.072,12.096,10.486,14.2907,-0.2187,0.6486,0.5,0.4142,0.1667,0.3054,1.594,0.797,0.7514,0.2603,0.7674,0.2917,0.0701,0.0605,0.3087,-0.0228,6.842,4.584,4.1468,11.2716,-0.3438,0.1644,0.0411,0.0339,0.1726,0.0201
FN,iccad3,gradcam_plus,10,3,0.1748,0.0439,0.0367,0.1646,0.0273,0.2005,0.0208,0.0172,0.1761,0.0096,0.0413,0.0085,0.0072,0.039,0.0046,13.023,11.9935,10.5772,12.8443,0.1787,0.0,0.3108,0.293,0.0333,0.0,0.0,2.2915,2.1604,0.2409,0.0,0.049,0.037,0.0308,0.0957,-0.052,5.58,5.281,4.3142,11.2824,-5.7024,0.1792,0.0429,0.0353,0.1705,0.03
FN,iccad3,gradcam_plus,20,3,0.1931,0.0432,0.0354,0.1605,0.0371,0.1984,0.0225,0.0185,0.1785,0.0193,0.0442,0.0095,0.0077,0.0379,0.0075,12.625,11.9985,10.6309,14.7616,-1.2954,0.6216,0.5,0.4123,0.1784,0.4432,2.292,1.196,1.1048,0.6447,1.5325,0.1287,0.0691,0.063,0.1797,-0.0494,7.872,4.584,4.0511,10.2571,-3.2669,0.1939,0.0457,0.0374,0.1665,0.0352
FN,iccad3,gradcam_plus,30,3,0.1606,0.0395,0.0333,0.1721,0.0254,0.2014,0.0346,0.0293,0.1773,0.0077,0.0373,0.0091,0.0083,0.0413,0.0057,14.072,12.096,10.486,14.2907,-0.2187,0.6486,0.5,0.4142,0.1667,0.3054,1.594,0.797,0.7514,0.2603,0.7674,0.2917,0.0701,0.0605,0.3087,-0.0228,6.842,4.584,4.1468,11.2716,-0.3438,0.1644,0.0411,0.0339,0.1726,0.0201
FN,iccad3,layercam,10,3,0.401,0.0846,0.0736,0.1646,0.2816,0.3055,0.0925,0.0829,0.1761,0.1294,0.0919,0.0141,0.0116,0.039,0.0598,2.963,0.402,0.3286,12.8443,-10.2523,0.0,0.2567,0.2421,0.0333,0.0,0.0,1.893,1.7847,0.2409,0.0,0.2294,0.2156,0.1848,0.0957,0.1365,32.682,9.9645,8.8847,11.2824,19.7132,0.2813,0.0381,0.0331,0.1705,0.1514
FN,iccad3,layercam,20,3,0.3236,0.0683,0.0621,0.1605,0.2163,0.3137,0.0708,0.0615,0.1785,0.1535,0.0816,0.012,0.0098,0.0379,0.053,4.011,0.908,0.7417,14.7616,-11.7066,0.0,0.4729,0.4459,0.1784,0.0,0.0,1.744,1.6443,0.6447,0.0,0.3608,0.2327,0.2104,0.1797,0.1827,24.415,3.737,3.2612,10.2571,13.2751,0.2695,0.0417,0.0347,0.1665,0.133
FN,iccad3,layercam,30,3,0.288,0.063,0.055,0.1721,0.1529,0.299,0.0454,0.039,0.1773,0.1275,0.0696,0.0092,0.0082,0.0413,0.0372,4.472,2.118,1.8508,14.2907,-10.5377,0.0,0.5,0.4714,0.1667,0.0,0.0,1.229,1.1587,0.2603,0.0,0.5399,0.2496,0.212,0.3087,0.2312,18.933,4.9495,4.1256,11.2716,11.2745,0.2606,0.0449,0.0367,0.1726,0.0986
FN,iccad3,occlusion,10,3,0.4213,0.1085,0.089,0.1646,0.2567,0.3834,0.0229,0.0192,0.1761,0.2073,0.0972,0.0146,0.0119,0.039,0.0582,2.805,1.378,1.1814,12.8443,-10.0393,0.0,0.0,0.0,0.0333,-0.0333,0.0,0.0,0.0,0.2409,-0.2409,0.0,0.0306,0.0288,0.0957,-0.0929,0.0,3.4875,3.288,11.2824,-5.8333,0.3775,0.0721,0.061,0.1705,0.207
FN,iccad3,occlusion,20,3,0.3637,0.0854,0.0699,0.1605,0.2032,0.358,0.0385,0.0315,0.1785,0.1795,0.0847,0.0123,0.0102,0.0379,0.0475,4.443,1.1555,0.9521,14.7616,-10.3186,0.0,0.0,0.0,0.1784,-0.1784,0.0,0.0,0.0,0.6447,-0.6447,0.1136,0.0295,0.0265,0.1797,-0.07,6.477,1.2455,1.0172,10.2571,-3.7801,0.3228,0.0556,0.0456,0.1665,0.1563
FN,iccad3,occlusion,30,3,0.2785,0.0732,0.0606,0.1721,0.1139,0.3322,0.0427,0.0376,0.1773,0.1511,0.0638,0.0123,0.0106,0.0413,0.0288,6.624,1.3815,1.2645,14.2907,-7.6667,0.0,0.1757,0.1657,0.1667,0.0,0.0,0.432,0.4073,0.2603,0.0,0.2308,0.0608,0.0508,0.3087,-0.0837,5.58,3.986,3.585,11.2716,-1.6135,0.2693,0.0537,0.0441,0.1726,0.1105
FN,iccad4,gradcam,10,3,0.2748,0.0706,0.0649,0.244,0.1071,0.2985,0.0816,0.0667,0.1783,0.0933,0.0763,0.0182,0.017,0.0525,0.0103,2.973,1.1985,1.0707,7.2324,-4.5364,0.0,0.0,0.0,0.0,0.0,0.0,0.0,0.0,0.0,0.0,0.119,0.0304,0.0286,0.0876,0.0314,12.356,2.69,2.4078,9.3424,3.4693,0.3048,0.1099,0.0897,0.2433,0.041
FN,iccad4,gradcam,20,3,0.2389,0.1128,0.0948,0.2421,0.0193,0.2523,0.0412,0.0363,0.1702,0.0661,0.0651,0.0266,0.0219,0.0503,0.0148,5.039,3.3405,2.8256,7.1694,-2.1393,0.0,0.0,0.0,0.0,0.0,0.0,0.0,0.0,0.0,0.0,0.1904,0.0476,0.0393,0.2041,-0.0137,9.965,1.844,1.7155,11.8295,-0.4995,0.2942,0.0904,0.0784,0.2454,0.0422
FN,iccad4,gradcam,30,3,0.2832,0.1166,0.0982,0.2484,0.0348,0.2368,0.0613,0.0562,0.172,0.0329,0.0719,0.0316,0.0263,0.05,0.0219,4.502,5.2425,4.7862,7.1744,-1.3813,0.0,0.0,0.0,0.0,0.0,0.0,0.0,0.0,0.0,0.0,0.2654,0.1319,0.1081,0.295,-0.0296,9.168,4.2515,3.5655,9.987,-0.819,0.2744,0.0891,0.0795,0.2504,0.0147
FN,iccad4,gradcam_plus,10,3,0.2748,0.0706,0.0649,0.244,0.1071,0.2985,0.0816,0.0667,0.1783,0.0933,0.0763,0.0182,0.017,0.0525,0.0103,2.973,1.1985,1.0707,7.2324,-4.5364,0.0,0.0,0.0,0.0,0.0,0.0,0.0,0.0,0.0,0.0,0.119,0.0304,0.0286,0.0876,0.0314,12.356,2.69,2.4078,9.3424,3.4693,0.3048,0.1099,0.0897,0.2433,0.041
FN,iccad4,gradcam_plus,20,3,0.2389,0.1128,0.0948,0.2421,0.0193,0.2523,0.0412,0.0363,0.1702,0.0661,0.0651,0.0266,0.0219,0.0503,0.0148,5.039,3.3405,2.8256,7.1694,-2.1393,0.0,0.0,0.0,0.0,0.0,0.0,0.0,0.0,0.0,0.0,0.1904,0.0476,0.0393,0.2041,-0.0137,9.965,1.844,1.7155,11.8295,-0.4995,0.2942,0.0904,0.0784,0.2454,0.0422
FN,iccad4,gradcam_plus,30,3,0.2832,0.1166,0.0982,0.2484,0.0348,0.2368,0.0613,0.0562,0.172,0.0329,0.0719,0.0316,0.0263,0.05,0.0219,4.502,5.2425,4.7862,7.1744,-1.3813,0.0,0.0,0.0,0.0,0.0,0.0,0.0,0.0,0.0,0.0,0.2654,0.1319,0.1081,0.295,-0.0296,9.168,4.2515,3.5655,9.987,-0.819,0.2744,0.0891,0.0795,0.2504,0.0147
FN,iccad4,layercam,10,3,0.29,0.0098,0.0081,0.244,0.0537,0.2668,0.0529,0.0438,0.1783,0.0616,0.0674,0.0029,0.0025,0.0525,0.0103,4.093,0.5435,0.4542,7.2324,-2.8014,0.0,0.0,0.0,0.0,0.0,0.0,0.0,0.0,0.0,0.0,0.2015,0.0269,0.0235,0.0876,0.1108,25.508,2.5905,2.3143,9.3424,14.589,0.2951,0.0246,0.0201,0.2433,0.0579
FN,iccad4,layercam,20,3,0.2715,0.009,0.0079,0.2421,0.0245,0.2574,0.0494,0.0416,0.1702,0.0591,0.0667,0.0053,0.0043,0.0503,0.0105,4.381,0.644,0.5299,7.1694,-2.2834,0.0,0.0,0.0,0.0,0.0,0.0,0.0,0.0,0.0,0.0,0.4385,0.0549,0.045,0.2041,0.2344,22.72,5.5805,4.947,11.8295,12.3555,0.2704,0.0262,0.0223,0.2454,0.058
FN,iccad4,layercam,30,3,0.2569,0.0194,0.0158,0.2484,0.0149,0.2462,0.0457,0.0381,0.172,0.0423,0.0653,0.0074,0.0061,0.05,0.0089,4.703,0.639,0.5398,7.1744,-2.1264,0.0,0.0,0.0,0.0,0.0,0.0,0.0,0.0,0.0,0.0,0.6044,0.0475,0.0426,0.295,0.3242,21.923,4.6175,4.0645,9.987,11.9621,0.261,0.0264,0.0225,0.2504,0.0412
FN,iccad4,occlusion,10,3,0.3523,0.1392,0.1148,0.244,0.0904,0.2573,0.0609,0.0538,0.1783,0.0696,0.0624,0.0147,0.0129,0.0525,0.0198,4.906,1.001,0.8177,7.2324,-2.3264,0.0,0.0,0.0,0.0,0.0,0.0,0.0,0.0,0.0,0.0,0.0769,0.0577,0.048,0.0876,-0.0138,9.964,6.2775,5.4122,9.3424,-1.553,0.2929,0.1303,0.1088,0.2433,0.0506
FN,iccad4,occlusion,20,3,0.2619,0.1165,0.0976,0.2421,0.0368,0.2195,0.0383,0.0332,0.1702,0.0362,0.0599,0.0098,0.008,0.0503,0.0096,5.483,0.722,0.6805,7.1694,-1.6874,0.0,0.0,0.0,0.0,0.0,0.0,0.0,0.0,0.0,0.0,0.1123,0.0828,0.0676,0.2041,-0.0855,7.275,4.534,3.773,11.8295,-5.2804,0.2464,0.1025,0.0876,0.2454,0.0449
FN,iccad4,occlusion,30,3,0.2551,0.0952,0.079,0.2484,0.0358,0.217,0.0398,0.0341,0.172,0.0309,0.0597,0.0121,0.01,0.05,0.0097,5.926,0.911,0.7594,7.1744,-1.2484,0.0,0.0,0.0,0.0,0.0,0.0,0.0,0.0,0.0,0.0,0.1692,0.0829,0.0711,0.295,-0.1288,7.308,3.122,2.556,9.987,-5.3027,0.2469,0.0757,0.0634,0.2504,0.0455
FN,iccad5,gradcam,10,1,0.0588,0.0,0.0,0.0866,-0.0278,0.1309,0.0,0.0,0.1728,-0.0419,0.0163,0.0,0.0,0.0223,-0.006,21.746,0.0,0.0,19.3423,2.4037,0.0,0.0,0.0,0.0667,-0.0667,0.0,0.0,0.0,0.2735,-0.2735,0.0769,0.0,0.0,0.0963,-0.0194,5.181,0.0,0.0,6.3606,-1.1796,0.0577,0.0,0.0,0.0888,-0.0311
FN,iccad5,gradcam,20,1,0.0727,0.0,0.0,0.1012,-0.0285,0.1432,0.0,0.0,0.1845,-0.0413,0.0191,0.0,0.0,0.0258,-0.0067,19.246,0.0,0.0,18.9176,0.3284,0.0,0.0,0.0,0.2333,-0.2333,0.0,0.0,0.0,0.4786,-0.4786,0.216,0.0,0.0,0.2045,0.0115,7.275,0.0,0.0,6.7514,0.5236,0.0661,0.0,0.0,0.0992,-0.0331
FN,iccad5,gradcam,30,1,0.0694,0.0,0.0,0.0934,-0.024,0.1392,0.0,0.0,0.1725,-0.0333,0.0189,0.0,0.0,0.0242,-0.0053,20.869,0.0,0.0,19.0491,1.8199,0.5238,0.0,0.0,0.1667,0.3571,0.731,0.0,0.0,0.2278,0.5032,0.429,0.0,0.0,0.3012,0.1278,9.633,0.0,0.0,6.6275,3.0055,0.0631,0.0,0.0,0.0944,-0.0313
FN,iccad5,gradcam_plus,10,1,0.0588,0.0,0.0,0.0866,-0.0278,0.1309,0.0,0.0,0.1728,-0.0419,0.0163,0.0,0.0,0.0223,-0.006,21.746,0.0,0.0,19.3423,2.4037,0.0,0.0,0.0,0.0667,-0.0667,0.0,0.0,0.0,0.2735,-0.2735,0.0769,0.0,0.0,0.0963,-0.0194,5.181,0.0,0.0,6.3606,-1.1796,0.0577,0.0,0.0,0.0888,-0.0311
FN,iccad5,gradcam_plus,20,1,0.0727,0.0,0.0,0.1012,-0.0285,0.1432,0.0,0.0,0.1845,-0.0413,0.0191,0.0,0.0,0.0258,-0.0067,19.246,0.0,0.0,18.9176,0.3284,0.0,0.0,0.0,0.2333,-0.2333,0.0,0.0,0.0,0.4786,-0.4786,0.216,0.0,0.0,0.2045,0.0115,7.275,0.0,0.0,6.7514,0.5236,0.0661,0.0,0.0,0.0992,-0.0331
FN,iccad5,gradcam_plus,30,1,0.0694,0.0,0.0,0.0934,-0.024,0.1392,0.0,0.0,0.1725,-0.0333,0.0189,0.0,0.0,0.0242,-0.0053,20.869,0.0,0.0,19.0491,1.8199,0.5238,0.0,0.0,0.1667,0.3571,0.731,0.0,0.0,0.2278,0.5032,0.429,0.0,0.0,0.3012,0.1278,9.633,0.0,0.0,6.6275,3.0055,0.0631,0.0,0.0,0.0944,-0.0313
FN,iccad5,layercam,10,1,0.1564,0.0,0.0,0.0866,0.0698,0.4297,0.0,0.0,0.1728,0.2569,0.0494,0.0,0.0,0.0223,0.0271,8.017,0.0,0.0,19.3423,-11.3253,0.0952,0.0,0.0,0.0667,0.0285,0.399,0.0,0.0,0.2735,0.1255,0.4675,0.0,0.0,0.0963,0.3712,31.487,0.0,0.0,6.3606,25.1264,0.1776,0.0,0.0,0.0888,0.0888
FN,iccad5,layercam,20,1,0.1345,0.0,0.0,0.1012,0.0333,0.3238,0.0,0.0,0.1845,0.1393,0.0419,0.0,0.0,0.0258,0.0161,12.297,0.0,0.0,18.9176,-6.6206,0.3333,0.0,0.0,0.2333,0.1,0.698,0.0,0.0,0.4786,0.2194,0.5769,0.0,0.0,0.2045,0.3724,19.432,0.0,0.0,6.7514,12.6806,0.1516,0.0,0.0,0.0992,0.0524
FN,iccad5,layercam,30,1,0.1311,0.0,0.0,0.0934,0.0377,0.274,0.0,0.0,0.1725,0.1015,0.0386,0.0,0.0,0.0242,0.0144,14.463,0.0,0.0,19.0491,-4.5861,0.4762,0.0,0.0,0.1667,0.3095,0.664,0.0,0.0,0.2278,0.4362,0.7071,0.0,0.0,0.3012,0.4059,15.877,0.0,0.0,6.6275,9.2495,0.1369,0.0,0.0,0.0944,0.0425
FN,iccad5,occlusion,10,1,0.2296,0.0,0.0,0.0866,0.143,0.2678,0.0,0.0,0.1728,0.095,0.0574,0.0,0.0,0.0223,0.0351,8.307,0.0,0.0,19.3423,-11.0353,0.0,0.0,0.0,0.0667,-0.0667,0.0,0.0,0.0,0.2735,-0.2735,0.0,0.0,0.0,0.0963,-0.0963,0.0,0.0,0.0,6.3606,-6.3606,0.1695,0.0,0.0,0.0888,0.0807
FN,iccad5,occlusion,20,1,0.1661,0.0,0.0,0.1012,0.0649,0.3,0.0,0.0,0.1845,0.1155,0.0419,0.0,0.0,0.0258,0.0161,8.208,0.0,0.0,18.9176,-10.7096,1.0,0.0,0.0,0.2333,0.7667,2.093,0.0,0.0,0.4786,1.6144,0.2308,0.0,0.0,0.2045,0.0263,7.773,0.0,0.0,6.7514,1.0216,0.158,0.0,0.0,0.0992,0.0588
FN,iccad5,occlusion,30,1,0.1567,0.0,0.0,0.0934,0.0633,0.2866,0.0,0.0,0.1725,0.1141,0.0399,0.0,0.0,0.0242,0.0157,8.877,0.0,0.0,19.0491,-10.1721,1.0,0.0,0.0,0.1667,0.8333,1.395,0.0,0.0,0.2278,1.1672,0.3669,0.0,0.0,0.3012,0.0657,8.238,0.0,0.0,6.6275,1.6105,0.1508,0.0,0.0,0.0944,0.0564
FP,iccad1,gradcam,10,3,0.0678,0.0482,0.0413,0.2388,-0.1605,0.4071,0.0423,0.0382,0.164,0.2497,0.0522,0.0471,0.0414,0.0801,-0.0264,4.26,1.1065,0.9529,9.9266,-6.1245,0.0,0.0,0.0,0.0714,-0.0714,0.0,0.0,0.0,0.2929,-0.2929,0.0894,0.0273,0.0238,0.1007,0.0054,8.569,2.0925,1.7092,8.5286,0.5735,0.3694,0.0716,0.0664,0.2359,0.1442
FP,iccad1,gradcam,20,3,0.0899,0.0511,0.0458,0.23,-0.1376,0.34,0.0424,0.0365,0.165,0.1891,0.0625,0.0325,0.0283,0.0792,-0.0167,4.409,1.0975,0.9111,8.7446,-5.6373,0.0,0.0,0.0,0.2286,-0.2286,0.0,0.0,0.0,0.4688,-0.4688,0.2536,0.0381,0.0313,0.2028,0.0472,11.46,1.7435,1.5066,8.1608,2.4597,0.3506,0.0669,0.0591,0.2314,0.1199
FP,iccad1,gradcam,30,3,0.1429,0.0537,0.0484,0.2477,-0.0773,0.311,0.0257,0.021,0.1589,0.1549,0.1028,0.0351,0.0287,0.0803,0.028,5.052,1.084,0.9534,8.732,-5.516,0.0,0.25,0.2357,0.3016,0.0,0.0,0.3985,0.3757,0.4123,0.0,0.4075,0.0675,0.0552,0.3016,0.1045,12.755,1.794,1.6323,8.1683,3.5332,0.3202,0.0639,0.0581,0.2446,0.0992
FP,iccad1,gradcam_plus,10,3,0.0897,0.0484,0.0396,0.2388,-0.1491,0.1343,0.073,0.0645,0.164,0.0001,0.0482,0.0222,0.0187,0.0801,-0.0319,7.774,1.113,0.9279,9.9266,-1.4376,0.0,0.0,0.0,0.0714,-0.0714,0.0,0.0,0.0,0.2929,-0.2929,0.1418,0.0514,0.0428,0.1007,0.0679,11.758,3.288,2.8291,8.5286,5.7555,0.2526,0.0349,0.0292,0.2359,0.0274
FP,iccad1,gradcam_plus,20,3,0.1217,0.008,0.0066,0.23,-0.1183,0.1561,0.0532,0.0486,0.165,-0.0019,0.0646,0.0093,0.0082,0.0792,-0.0154,7.491,0.6295,0.572,8.7446,-1.1566,0.0,0.0,0.0,0.2286,-0.2286,0.0,0.0,0.0,0.4688,-0.4688,0.3077,0.0997,0.088,0.2028,0.1049,12.357,3.687,3.168,8.1608,4.3752,0.2385,0.0197,0.0181,0.2314,0.0071
FP,iccad1,gradcam_plus,30,3,0.1459,0.0337,0.0277,0.2477,-0.1137,0.1582,0.0425,0.0378,0.1589,-0.0084,0.08,0.0203,0.0171,0.0803,-0.0069,7.507,0.52,0.4653,8.732,-1.225,0.0,0.0,0.0,0.3016,-0.3016,0.0,0.0,0.0,0.4123,-0.4123,0.4442,0.1455,0.125,0.3016,0.1532,11.891,3.554,2.9789,8.1683,4.2564,0.2444,0.0198,0.0162,0.2446,-0.0169
FP,iccad1,layercam,10,3,0.4157,0.0195,0.0174,0.2388,0.1527,0.3101,0.0356,0.0292,0.164,0.1461,0.1586,0.0049,0.004,0.0801,0.0742,3.207,0.4425,0.3666,9.9266,-7.0306,0.0,0.3572,0.3367,0.0714,0.0,0.0,1.4945,1.409,0.2929,0.0,0.1414,0.0731,0.0619,0.1007,0.033,11.359,7.6725,6.674,8.5286,2.8304,0.4041,0.0443,0.0363,0.2359,0.1682
FP,iccad1,layercam,20,3,0.387,0.0101,0.0085,0.23,0.1425,0.2809,0.0312,0.0258,0.165,0.1159,0.1456,0.0084,0.007,0.0792,0.0567,3.768,0.3675,0.3115,8.7446,-5.0213,0.875,0.5,0.4449,0.2286,0.6167,2.093,1.0465,0.9866,0.4688,1.4875,0.3226,0.0979,0.081,0.2028,0.1198,12.955,5.3315,4.3608,8.1608,4.9732,0.3814,0.0356,0.0291,0.2314,0.1332
FP,iccad1,layercam,30,3,0.363,0.0112,0.0094,0.2477,0.1088,0.2554,0.0277,0.0232,0.1589,0.0873,0.1342,0.0101,0.0082,0.0803,0.0436,4.297,0.324,0.2703,8.732,-4.641,1.0,0.5,0.4714,0.3016,0.5875,1.395,0.797,0.7092,0.4123,0.9496,0.469,0.1098,0.0908,0.3016,0.178,12.556,4.2185,3.4631,8.1683,4.9214,0.359,0.0336,0.0275,0.2446,0.1079
FP,iccad1,occlusion,10,3,0.5482,0.0393,0.0354,0.2388,0.2715,0.2535,0.0379,0.0317,0.164,0.0881,0.1566,0.036,0.0295,0.0801,0.0765,3.703,1.404,1.1466,9.9266,-6.6815,0.0476,0.4375,0.4017,0.0714,0.0,0.199,2.0925,1.9276,0.2929,0.0,0.1202,0.0591,0.0549,0.1007,0.0463,9.964,6.5765,6.0643,8.5286,3.9615,0.4615,0.0458,0.0389,0.2359,0.2132
FP,iccad1,occlusion,20,3,0.4669,0.0543,0.0445,0.23,0.2319,0.2384,0.0281,0.0262,0.165,0.0697,0.1334,0.0309,0.0252,0.0792,0.0542,4.573,1.2455,1.0239,8.7446,-5.0193,0.0476,0.4375,0.4017,0.2286,0.0,0.1,1.0465,0.9639,0.4688,0.0,0.3119,0.0939,0.0883,0.2028,0.1055,12.556,4.883,4.1563,8.1608,4.5742,0.3896,0.0498,0.0411,0.2314,0.1589
FP,iccad1,occlusion,30,3,0.3783,0.0435,0.0368,0.2477,0.1556,0.2127,0.0134,0.0113,0.1589,0.0566,0.1168,0.0242,0.02,0.0803,0.042,6.059,0.939,0.8358,8.732,-4.318,0.875,0.5,0.4449,0.3016,0.4625,1.395,0.6975,0.6576,0.4123,0.7506,0.4782,0.0677,0.062,0.3016,0.1752,13.021,2.79,2.2918,8.1683,5.3864,0.3255,0.0386,0.0358,0.2446,0.1045
FP,iccad2,gradcam,10,3,0.4853,0.0163,0.0148,0.2842,0.2011,0.377,0.0696,0.0628,0.1613,0.2401,0.2228,0.0095,0.0082,0.0903,0.1325,1.761,0.029,0.0264,8.2144,-6.5074,0.0,0.0,0.0,0.0,0.0,0.0,0.0,0.0,0.0,0.0,0.1314,0.0382,0.0361,0.1095,0.0189,8.171,2.0925,1.9728,6.8553,1.3157,0.4916,0.0153,0.013,0.2865,0.2071
FP,iccad2,gradcam,20,3,0.4489,0.0301,0.0246,0.2876,0.1431,0.3172,0.0521,0.0465,0.1474,0.1698,0.1963,0.0082,0.0068,0.0921,0.1064,2.249,0.248,0.2041,8.1253,-5.6636,0.0,0.0,0.0,0.0,0.0,0.0,0.0,0.0,0.0,0.0,0.3109,0.0341,0.0296,0.2125,0.0984,9.666,0.3985,0.3254,6.4746,3.1914,0.4261,0.0235,0.0204,0.2862,0.1306
FP,iccad2,gradcam,30,3,0.4098,0.0189,0.0167,0.2882,0.1205,0.3156,0.0505,0.0448,0.1454,0.1702,0.1807,0.0108,0.0089,0.0922,0.0885,2.477,0.1715,0.1539,7.9211,-5.4441,0.0,0.0,0.0,0.0,0.0,0.0,0.0,0.0,0.0,0.0,0.4359,0.0146,0.013,0.2944,0.1173,9.035,1.063,0.9033,5.9808,2.7015,0.428,0.0154,0.0125,0.2912,0.1353
FP,iccad2,gradcam_plus,10,3,0.5391,0.0174,0.0163,0.2842,0.2549,0.3547,0.0537,0.0498,0.1613,0.2138,0.2712,0.0392,0.036,0.0903,0.1703,1.676,0.139,0.1152,8.2144,-6.4414,0.0,0.0,0.0,0.0,0.0,0.0,0.0,0.0,0.0,0.0,0.1891,0.092,0.0751,0.1095,0.0933,11.758,7.1745,5.8947,6.8553,5.9183,0.4212,0.0341,0.0299,0.2865,0.1347
FP,iccad2,gradcam_plus,20,3,0.4297,0.0619,0.0562,0.2876,0.1549,0.2785,0.0847,0.0791,0.1474,0.1342,0.1689,0.0486,0.0432,0.0921,0.0768,3.584,1.205,1.0523,8.1253,-4.1283,0.0,0.0,0.0,0.0,0.0,0.0,0.0,0.0,0.0,0.0,0.4167,0.049,0.0415,0.2125,0.2042,12.955,2.7905,2.4644,6.4746,6.4804,0.3484,0.0438,0.0412,0.2862,0.0663
FP,iccad2,gradcam_plus,30,3,0.3682,0.0321,0.0283,0.2882,0.08,0.2212,0.0921,0.0816,0.1454,0.0758,0.1495,0.0305,0.0249,0.0922,0.0573,5.242,1.8445,1.5121,7.9211,-2.1477,0.0,0.0,0.0,0.0,0.0,0.0,0.0,0.0,0.0,0.0,0.5989,0.109,0.0891,0.2944,0.2644,14.482,2.2585,2.1293,5.9808,6.5545,0.2978,0.0409,0.0342,0.2912,0.0066
FP,iccad2,layercam,10,3,0.5118,0.0009,0.0008,0.2842,0.2286,0.3456,0.0696,0.0618,0.1613,0.1909,0.2312,0.0045,0.0037,0.0903,0.1421,1.742,0.091,0.0745,8.2144,-6.5514,0.0,0.0,0.0,0.0,0.0,0.0,0.0,0.0,0.0,0.0,0.0545,0.0277,0.0232,0.1095,-0.058,3.388,2.0925,1.7143,6.8553,-3.4673,0.4744,0.0091,0.0081,0.2865,0.1718
FP,iccad2,layercam,20,3,0.4421,0.0047,0.0038,0.2876,0.1493,0.3072,0.0622,0.0558,0.1474,0.1598,0.2,0.0033,0.0028,0.0921,0.1079,2.363,0.11,0.1004,8.1253,-5.5573,0.0,0.0,0.0,0.0,0.0,0.0,0.0,0.0,0.0,0.0,0.2019,0.0472,0.0387,0.2125,-0.0106,6.278,2.0925,1.7188,6.4746,-0.1966,0.4108,0.0027,0.0023,0.2862,0.1246
FP,iccad2,layercam,30,3,0.3892,0.0067,0.0056,0.2882,0.1049,0.2726,0.0477,0.0421,0.1454,0.1272,0.1715,0.0047,0.0044,0.0922,0.0795,3.437,0.179,0.1681,7.9211,-4.4841,0.0,0.0,0.0,0.0,0.0,0.0,0.0,0.0,0.0,0.0,0.4615,0.077,0.0704,0.2944,0.127,9.765,2.292,1.9185,5.9808,3.2335,0.3783,0.0058,0.0054,0.2912,0.0874
FP,iccad2,occlusion,10,3,0.5448,0.0029,0.0024,0.2842,0.2588,0.3697,0.0444,0.0411,0.1613,0.2328,0.2491,0.0009,0.0007,0.0903,0.1588,1.559,0.0025,0.0021,8.2144,-6.6524,0.0,0.0,0.0,0.0,0.0,0.0,0.0,0.0,0.0,0.0,0.0,0.0416,0.0393,0.1095,-0.1095,0.0,2.5905,2.4423,6.8553,-6.8553,0.4735,0.0044,0.0036,0.2865,0.1817
FP,iccad2,occlusion,20,3,0.5136,0.003,0.0025,0.2876,0.2229,0.272,0.0449,0.0421,0.1474,0.1311,0.1918,0.0051,0.0047,0.0921,0.1019,3.149,0.1535,0.1274,8.1253,-4.9763,0.0,0.0,0.0,0.0,0.0,0.0,0.0,0.0,0.0,0.0,0.0897,0.0801,0.0656,0.2125,-0.1228,2.79,2.4915,2.0392,6.4746,-3.6846,0.4469,0.0064,0.0053,0.2862,0.1565
FP,iccad2,occlusion,30,3,0.4973,0.0111,0.0099,0.2882,0.2217,0.2243,0.0438,0.041,0.1454,0.0793,0.1639,0.007,0.0057,0.0922,0.0717,4.04,0.2465,0.2238,7.9211,-3.8421,0.0,0.0,0.0,0.0,0.0,0.0,0.0,0.0,0.0,0.0,0.2051,0.1105,0.0919,0.2944,-0.0879,4.252,2.1925,1.8174,5.9808,-1.7007,0.439,0.0092,0.0082,0.2912,0.1625
FP,iccad3,gradcam,10,3,0.5634,0.0219,0.0191,0.2918,0.264,0.2045,0.0087,0.0072,0.1481,0.0564,0.1094,0.0021,0.0019,0.0731,0.0401,1.847,0.0895,0.0734,4.8198,-2.9728,0.0,0.25,0.2357,0.0,0.0,0.0,2.3915,2.2547,0.0,0.0,0.2531,0.1599,0.1375,0.1105,0.1539,36.07,23.615,20.1286,14.0235,22.2224,0.4449,0.0375,0.0347,0.2937,0.1637
FP,iccad3,gradcam,20,3,0.4799,0.0197,0.0176,0.3239,0.1522,0.2225,0.0066,0.0061,0.1591,0.0627,0.1109,0.0028,0.0023,0.0786,0.0353,1.846,0.15,0.1226,4.6121,-2.9291,0.0,0.25,0.2357,0.0,0.0,0.0,1.196,1.1276,0.0,0.0,0.4294,0.2019,0.1781,0.1896,0.2398,30.593,15.2965,13.3191,13.2357,17.3573,0.4349,0.0339,0.0317,0.3213,0.1404
FP,iccad3,gradcam,30,3,0.4084,0.043,0.0387,0.309,0.1254,0.2257,0.0076,0.0063,0.1561,0.0642,0.1056,0.0055,0.0045,0.076,0.0324,2.036,0.22,0.1906,4.8899,-3.1512,0.0,0.5,0.4714,0.0,0.0,0.0,1.5945,1.5033,0.0,0.0,0.6667,0.2818,0.2542,0.3198,0.3469,32.817,13.718,12.6319,14.2426,17.3895,0.4168,0.036,0.0335,0.311,0.1318
FP,iccad3,gradcam_plus,10,3,0.5512,0.0354,0.0299,0.2918,0.2593,0.1947,0.0501,0.041,0.1481,0.0466,0.0889,0.0255,0.021,0.0731,0.0158,1.898,1.184,1.0725,4.8198,-2.9218,0.0,0.1459,0.1375,0.0,0.0,0.0,1.395,1.3152,0.0,0.0,0.0476,0.0303,0.0255,0.1105,-0.0516,6.776,3.886,3.3518,14.0235,-7.0716,0.4797,0.0069,0.0058,0.2937,0.186
FP,iccad3,gradcam_plus,20,3,0.4721,0.0204,0.0167,0.3239,0.1277,0.1856,0.0184,0.0158,0.1591,0.0265,0.0939,0.0073,0.0064,0.0786,0.0153,2.898,0.946,0.7758,4.6121,-1.6044,0.0,0.25,0.2357,0.0,0.0,0.0,1.196,1.1276,0.0,0.0,0.1455,0.0706,0.0586,0.1896,-0.0441,10.364,4.335,3.6809,13.2357,-2.8717,0.4361,0.022,0.0188,0.3213,0.1045
FP,iccad3,gradcam_plus,30,3,0.4119,0.0411,0.0364,0.309,0.0918,0.2112,0.0261,0.022,0.1561,0.059,0.0972,0.0088,0.0072,0.076,0.0187,3.469,0.903,0.7812,4.8899,-1.3632,0.0,0.25,0.2357,0.0,0.0,0.0,0.797,0.7514,0.0,0.0,0.38,0.1416,0.1259,0.3198,0.0434,16.409,6.61,5.6153,14.2426,2.1664,0.3999,0.022,0.018,0.311,0.0704
FP,iccad3,layercam,10,3,0.5151,0.0277,0.023,0.2918,0.2059,0.221,0.0129,0.0105,0.1481,0.0677,0.1126,0.0055,0.0045,0.0731,0.0404,1.727,0.2025,0.1741,4.8198,-3.0928,0.0,0.2396,0.2259,0.0,0.0,0.0,2.2915,2.1604,0.0,0.0,0.0508,0.0718,0.0621,0.1105,-0.0597,6.576,10.1635,8.9262,14.0235,-7.4475,0.4848,0.0276,0.0239,0.2937,0.1593
FP,iccad3,layercam,20,3,0.4941,0.0177,0.0153,0.3239,0.1732,0.2158,0.0081,0.0069,0.1591,0.0562,0.1083,0.0034,0.003,0.0786,0.0307,1.861,0.1665,0.1514,4.6121,-2.7761,0.0,0.2604,0.2455,0.0,0.0,0.0,1.2455,1.1743,0.0,0.0,0.1569,0.0679,0.0573,0.1896,-0.0307,10.164,4.6835,4.1443,13.2357,-1.7436,0.4508,0.0317,0.0259,0.3213,0.1287
FP,iccad3,layercam,30,3,0.4834,0.0167,0.0151,0.309,0.1699,0.2152,0.0086,0.0081,0.1561,0.0553,0.1054,0.0029,0.0024,0.076,0.0324,2.047,0.143,0.1234,4.8899,-2.9009,0.0,0.3021,0.2848,0.0,0.0,0.0,0.9635,0.9084,0.0,0.0,0.32,0.0541,0.0451,0.3198,-0.0166,14.017,2.4245,2.2404,14.2426,-0.4246,0.4283,0.0314,0.0256,0.311,0.1173
FP,iccad3,occlusion,10,3,0.4839,0.0367,0.0336,0.2918,0.2065,0.2499,0.0145,0.0132,0.1481,0.0844,0.1244,0.0067,0.0063,0.0731,0.0452,1.584,0.282,0.2624,4.8198,-3.2508,0.0,0.25,0.2357,0.0,0.0,0.0,2.3915,2.2547,0.0,0.0,0.0013,0.0881,0.0828,0.1105,-0.1105,0.199,12.555,11.7903,14.0235,-14.0235,0.4965,0.0329,0.0299,0.2937,0.1568
FP,iccad3,occlusion,20,3,0.4358,0.0325,0.0273,0.3239,0.0971,0.2132,0.0212,0.0174,0.1591,0.0541,0.1063,0.0074,0.0065,0.0786,0.0256,2.504,0.4505,0.3786,4.6121,-2.3568,0.0,0.25,0.2357,0.0,0.0,0.0,1.196,1.1276,0.0,0.0,0.1538,0.1062,0.0992,0.1896,-0.0338,11.061,7.9225,7.2249,13.2357,-1.9426,0.4306,0.0439,0.0363,0.3213,0.1093
FP,iccad3,occlusion,30,3,0.3998,0.0088,0.0078,0.309,0.0932,0.1927,0.0188,0.0154,0.1561,0.0366,0.0976,0.0032,0.0029,0.076,0.0221,3.147,0.1905,0.1562,4.8899,-1.9072,0.0,0.5,0.4714,0.0,0.0,0.0,1.5945,1.5033,0.0,0.0,0.3333,0.1124,0.0942,0.3198,0.0135,16.409,5.9125,4.8503,14.2426,0.9815,0.3759,0.0339,0.0287,0.311,0.0725
FP,iccad4,gradcam,10,3,0.3579,0.0327,0.0268,0.2144,0.1435,0.3938,0.0147,0.0135,0.1681,0.2387,0.1058,0.0108,0.0097,0.0528,0.0506,1.864,0.0625,0.051,15.5898,-13.7258,0.0,0.0,0.0,0.0,0.0,0.0,0.0,0.0,0.0,0.0,0.3662,0.0849,0.0697,0.0928,0.2513,35.074,4.8825,4.3489,11.5495,30.2185,0.4297,0.0095,0.0087,0.2147,0.1973
FP,iccad4,gradcam,20,3,0.3833,0.0325,0.0277,0.2186,0.1535,0.3753,0.0259,0.0235,0.1691,0.2073,0.1118,0.0043,0.0035,0.053,0.0592,2.087,0.155,0.1296,13.5141,-11.2131,0.0,0.0,0.0,0.0,0.0,0.0,0.0,0.0,0.0,0.0,0.6254,0.1066,0.0883,0.2082,0.4172,30.892,4.584,3.8372,12.1614,20.117,0.4097,0.0186,0.0153,0.2179,0.1972
FP,iccad4,gradcam,30,3,0.4055,0.0158,0.0129,0.2085,0.1862,0.3429,0.0237,0.0194,0.1614,0.1859,0.1042,0.0054,0.0045,0.0507,0.0518,2.262,0.3045,0.2528,13.6498,-10.9858,0.0,0.0,0.0,0.0,0.0,0.0,0.0,0.0,0.0,0.0,0.7977,0.1004,0.0827,0.3205,0.4721,28.566,4.119,3.3958,12.6758,16.0498,0.399,0.027,0.0221,0.2096,0.1961
FP,iccad4,gradcam_plus,10,3,0.0383,0.092,0.0867,0.2144,-0.1761,0.1176,0.0566,0.0534,0.1681,-0.0505,0.0383,0.0213,0.0201,0.0528,-0.0145,11.866,3.4415,3.1746,15.5898,-6.7595,0.0,0.0,0.0,0.0,0.0,0.0,0.0,0.0,0.0,0.0,0.0447,0.0571,0.0508,0.0928,-0.0165,3.587,7.3735,6.9518,11.5495,-1.2307,0.1163,0.0855,0.0805,0.2147,-0.0984
FP,iccad4,gradcam_plus,20,3,0.2456,0.0455,0.0429,0.2186,0.032,0.1434,0.05,0.0471,0.1691,-0.0201,0.0769,0.01,0.0094,0.053,0.0243,8.902,2.372,2.2009,13.5141,-9.2021,0.0,0.0,0.0,0.0,0.0,0.0,0.0,0.0,0.0,0.0,0.1985,0.1042,0.0871,0.2082,-0.0044,7.972,6.876,6.4828,12.1614,-0.013,0.2221,0.0496,0.0459,0.2179,0.0058
FP,iccad4,gradcam_plus,30,3,0.2227,0.0232,0.0206,0.2085,0.0278,0.1702,0.0245,0.0213,0.1614,0.0132,0.0542,0.0071,0.0064,0.0507,0.0057,11.288,3.831,3.2315,13.6498,-1.9072,0.0,0.0,0.0,0.0,0.0,0.0,0.0,0.0,0.0,0.0,0.2581,0.0917,0.0777,0.3205,-0.024,8.37,4.8825,4.3005,12.6758,-0.4912,0.2153,0.027,0.0249,0.2096,0.0136
FP,iccad4,layercam,10,3,0.3464,0.0244,0.02,0.2144,0.132,0.3364,0.0075,0.0065,0.1681,0.1628,0.0877,0.0058,0.0048,0.0528,0.0349,2.47,0.1075,0.0901,15.5898,-13.2708,0.0,0.0,0.0,0.0,0.0,0.0,0.0,0.0,0.0,0.0,0.2425,0.0358,0.0329,0.0928,0.1458,28.896,2.6905,2.2801,11.5495,18.7415,0.3961,0.0064,0.0058,0.2147,0.1803
FP,iccad4,layercam,20,3,0.3173,0.0118,0.0111,0.2186,0.1037,0.3086,0.0052,0.0048,0.1691,0.1367,0.0806,0.0032,0.0027,0.053,0.028,2.894,0.0675,0.0557,13.5141,-10.6201,0.0,0.0,0.0,0.0,0.0,0.0,0.0,0.0,0.0,0.0,0.5055,0.0499,0.0428,0.2082,0.2751,28.799,4.335,3.5737,12.1614,16.6376,0.3613,0.0086,0.008,0.2179,0.1486
FP,iccad4,layercam,30,3,0.3116,0.0062,0.0054,0.2085,0.1051,0.296,0.0171,0.0144,0.1614,0.1331,0.0763,0.0014,0.0011,0.0507,0.0248,3.4,0.1675,0.1379,13.6498,-10.1198,0.0,0.0,0.0,0.0,0.0,0.0,0.0,0.0,0.0,0.0,0.7341,0.1013,0.0829,0.3205,0.4085,27.237,3.2555,2.7309,12.6758,15.2528,0.3423,0.0142,0.0125,0.2096,0.1353
FP,iccad4,occlusion,10,3,0.3296,0.0443,0.0379,0.2144,0.0949,0.2668,0.0242,0.0198,0.1681,0.0906,0.0897,0.0101,0.0084,0.0528,0.0321,4.025,0.5815,0.5122,15.5898,-12.5538,0.0,0.0,0.0,0.0,0.0,0.0,0.0,0.0,0.0,0.0,0.2967,0.0382,0.0337,0.0928,0.2039,34.077,4.2845,3.5137,11.5495,24.2773,0.3236,0.0288,0.0247,0.2147,0.1089
FP,iccad4,occlusion,20,3,0.3492,0.0275,0.0252,0.2186,0.1306,0.2596,0.0175,0.0148,0.1691,0.0961,0.0863,0.0059,0.0054,0.053,0.0333,3.979,0.4175,0.3725,13.5141,-9.6341,0.0,0.0,0.0,0.0,0.0,0.0,0.0,0.0,0.0,0.0,0.5306,0.0276,0.0244,0.2082,0.2993,28.799,6.029,4.9522,12.1614,16.6376,0.3207,0.0207,0.017,0.2179,0.1028
FP,iccad4,occlusion,30,3,0.3121,0.0134,0.0111,0.2085,0.1036,0.247,0.0063,0.0052,0.1614,0.0856,0.0763,0.0025,0.0021,0.0507,0.0256,4.673,0.1475,0.1326,13.6498,-8.9768,0.0,0.0,0.0,0.0,0.0,0.0,0.0,0.0,0.0,0.0,0.606,0.0761,0.0623,0.3205,0.2855,21.458,3.554,2.917,12.6758,11.1348,0.3088,0.0148,0.0124,0.2096,0.0905
FP,iccad5,gradcam,10,3,0.3948,0.1603,0.1334,0.2025,0.0954,0.2154,0.0725,0.0606,0.1634,0.052,0.0849,0.0207,0.0174,0.0533,0.02,4.853,1.518,1.386,6.9143,-1.8593,0.0,0.4792,0.4517,0.0671,0.0,0.0,6.875,6.4818,0.8204,0.0,0.0385,0.1838,0.1678,0.0984,-0.0646,3.587,24.8105,22.9806,11.8294,-5.8335,0.3554,0.0573,0.0475,0.2042,0.0954
FP,iccad5,gradcam,20,3,0.3757,0.1741,0.1461,0.2136,0.059,0.2055,0.0593,0.0494,0.1733,0.0293,0.0831,0.0195,0.0161,0.0569,0.0124,5.055,1.528,1.4064,6.4533,-1.2473,0.4286,0.5,0.4096,0.1903,0.2286,0.897,3.5875,3.192,0.4102,0.4868,0.0662,0.2149,0.2015,0.1877,-0.1215,3.886,14.9975,13.9557,11.8946,-5.4918,0.3323,0.0539,0.0442,0.212,0.0586
FP,iccad5,gradcam,30,3,0.3622,0.1453,0.1205,0.2199,0.0514,0.2119,0.0725,0.0613,0.1761,0.0358,0.0843,0.0173,0.0141,0.0572,0.0121,5.184,1.4685,1.3782,6.4387,-1.2277,0.4286,0.5,0.4096,0.2667,0.1619,0.598,2.3915,2.1278,0.3645,0.2335,0.5,0.0795,0.0663,0.2976,0.2071,19.0,5.8795,4.9348,12.372,6.628,0.3238,0.0495,0.0417,0.2187,0.0422
FP,iccad5,gradcam_plus,10,3,0.2892,0.073,0.0616,0.2025,0.0867,0.2049,0.0223,0.019,0.1634,0.0345,0.0733,0.0169,0.014,0.0533,0.0166,5.055,1.897,1.7428,6.9143,-1.3132,0.0,0.1597,0.1506,0.0671,0.0,0.0,2.2915,2.1604,0.8204,0.0,0.0385,0.024,0.0196,0.0984,-0.0646,3.587,3.288,2.7756,11.8294,-5.8335,0.2805,0.0812,0.0681,0.2042,0.0763
FP,iccad5,gradcam_plus,20,3,0.2726,0.0623,0.0544,0.2136,0.059,0.2055,0.0201,0.0185,0.1733,0.0293,0.0693,0.0159,0.013,0.0569,0.0099,5.206,1.7735,1.6376,6.4533,-1.2473,0.3194,0.2143,0.1819,0.1903,0.1291,0.897,1.146,0.943,0.4102,0.4868,0.0636,0.0025,0.002,0.1877,-0.1215,3.886,0.598,0.4972,11.8946,-7.6096,0.2706,0.0701,0.0599,0.212,0.0583
FP,iccad5,gradcam_plus,30,3,0.2614,0.06,0.0527,0.2199,0.0513,0.2119,0.0194,0.0182,0.1761,0.0281,0.0689,0.018,0.0147,0.0572,0.0117,5.211,1.6945,1.5913,6.4387,-1.1157,0.3194,0.2143,0.1819,0.2667,0.0,0.598,0.764,0.6287,0.3645,0.0242,0.449,0.1576,0.1381,0.2976,0.1507,15.545,5.348,4.4569,12.372,6.6213,0.2526,0.0628,0.054,0.2187,0.0374
FP,iccad5,layercam,10,3,0.2892,0.0955,0.0782,0.2025,0.0867,0.2154,0.0835,0.0706,0.1634,0.052,0.0733,0.0161,0.0133,0.0533,0.0166,4.853,0.4195,0.3575,6.9143,-1.8593,0.0,0.0278,0.0262,0.0671,-0.0115,0.0,0.3985,0.3757,0.8204,-0.147,0.0385,0.0647,0.0561,0.0984,-0.0646,3.587,8.768,7.878,11.8294,-5.8335,0.3362,0.0573,0.0468,0.2042,0.0954
FP,iccad5,layercam,20,3,0.2726,0.0741,0.062,0.2136,0.0476,0.2055,0.0684,0.0576,0.1733,0.0293,0.0693,0.0139,0.0114,0.0569,0.0124,5.204,0.0755,0.0707,6.4533,-1.2473,0.2083,0.2143,0.175,0.1903,0.018,0.897,0.7475,0.6144,0.4102,0.157,0.0662,0.1181,0.1101,0.1877,-0.1215,3.886,8.4705,7.805,11.8946,-5.4918,0.3007,0.0539,0.0454,0.212,0.0586
FP,iccad5,layercam,30,3,0.2614,0.0677,0.0574,0.2199,0.0415,0.2119,0.0495,0.0407,0.1761,0.0358,0.0689,0.0154,0.0126,0.0572,0.0117,5.211,0.553,0.5151,6.4387,-1.2277,0.3333,0.2143,0.1837,0.2667,0.0125,0.598,0.797,0.6575,0.3645,0.0902,0.4778,0.0255,0.0209,0.2976,0.1802,19.0,2.9565,2.4254,12.372,6.628,0.2713,0.0495,0.0429,0.2187,0.0422
FP,iccad5,occlusion,10,3,0.3073,0.0528,0.0461,0.2025,0.0954,0.2154,0.0543,0.0446,0.1634,0.052,0.0751,0.0058,0.0051,0.0533,0.02,4.853,0.2975,0.247,6.9143,-1.8593,0.0,0.1666,0.1571,0.0671,0.0,0.0,2.3915,2.2547,0.8204,0.0,0.0385,0.1194,0.1073,0.0984,-0.0646,3.587,16.1415,14.8138,11.8294,-5.8335,0.2805,0.0622,0.0565,0.2042,0.084
FP,iccad5,occlusion,20,3,0.2813,0.0515,0.0467,0.2136,0.059,0.2055,0.0408,0.0333,0.1733,0.0293,0.0693,0.009,0.0077,0.0569,0.0124,5.11,0.0755,0.0624,6.4533,-1.2473,0.3333,0.2143,0.1837,0.1903,0.143,0.897,1.196,0.9866,0.4102,0.4868,0.0662,0.1824,0.1708,0.1877,-0.1215,3.886,12.8055,11.8897,11.8946,-5.4918,0.2706,0.0632,0.0557,0.212,0.0586
FP,iccad5,occlusion,30,3,0.2614,0.072,0.0603,0.2199,0.0415,0.208,0.0193,0.0173,0.1761,0.0264,0.0689,0.0164,0.0134,0.0572,0.0117,5.211,0.6015,0.5608,6.4387,-1.2277,0.3333,0.2143,0.1837,0.2667,0.0125,0.598,0.797,0.6575,0.3645,0.0902,0.5,0.0344,0.0292,0.2976,0.2071,19.0,3.853,3.1516,12.372,6.628,0.2526,0.0697,0.0585,0.2187,0.0339
TN,iccad1,gradcam,10,3,0.0002,0.0006,0.0005,0.2241,-0.2241,0.0058,0.0035,0.003,0.1732,-0.169,0.0002,0.0002,0.0002,0.0738,-0.0738,19.912,5.428,4.4643,12.2374,9.1286,0.0,0.0,0.0,0.0,0.0,0.0,0.0,0.0,0.0,0.0,0.0064,0.0069,0.0058,0.0883,-0.0856,0.399,0.4985,0.4307,6.276,-5.942,0.0238,0.0134,0.0109,0.2291,-0.2183
TN,iccad1,gradcam,20,3,0.0269,0.1069,0.0954,0.2475,-0.188,0.0094,0.0644,0.0606,0.1736,-0.1615,0.0069,0.0411,0.0376,0.0812,-0.0589,22.441,8.349,7.0738,11.5071,9.2941,0.0,0.0,0.0,0.0,0.0,0.0,0.0,0.0,0.0,0.0,0.0705,0.0769,0.0663,0.1973,-0.1297,2.192,2.7905,2.4646,6.1004,-3.9084,0.0311,0.0645,0.0579,0.2435,-0.183
TN,iccad1,gradcam,30,3,0.0496,0.1027,0.0883,0.2434,-0.1726,0.0214,0.0713,0.0644,0.1661,-0.1567,0.0143,0.0472,0.042,0.0785,-0.0584,21.483,8.3455,7.1178,12.0017,9.4813,0.0,0.0,0.0,0.0,0.0,0.0,0.0,0.0,0.0,0.0,0.1026,0.1016,0.0914,0.2991,-0.1977,2.126,2.458,2.2867,6.7383,-3.9743,0.0483,0.0851,0.0772,0.239,-0.1724
TN,iccad1,gradcam_plus,10,3,0.0271,0.0529,0.0459,0.2241,-0.197,0.1664,0.11,0.0917,0.1732,0.0063,0.0203,0.0218,0.0182,0.0738,-0.0535,8.272,1.3045,1.1456,12.2374,-3.9654,0.0,0.0,0.0,0.0,0.0,0.0,0.0,0.0,0.0,0.0,0.1319,0.0783,0.0647,0.0883,0.0464,9.566,4.4835,3.6635,6.276,3.4853,0.1869,0.0417,0.0352,0.2291,-0.0422
TN,iccad1,gradcam_plus,20,3,0.0738,0.0353,0.0289,0.2475,-0.2035,0.1762,0.0876,0.073,0.1736,0.0059,0.0471,0.0137,0.0117,0.0812,-0.0552,8.064,0.7945,0.6546,11.5071,-3.4431,0.0,0.0,0.0,0.0,0.0,0.0,0.0,0.0,0.0,0.0,0.3956,0.0781,0.0647,0.1973,0.1983,14.35,1.5445,1.2787,6.1004,7.335,0.1894,0.0291,0.0237,0.2435,-0.0541
TN,iccad1,gradcam_plus,30,3,0.1133,0.0213,0.0174,0.2434,-0.1301,0.2185,0.0828,0.0702,0.1661,0.0532,0.0555,0.0088,0.0076,0.0785,-0.023,7.019,0.5555,0.5233,12.0017,-4.9847,0.0,0.0,0.0,0.0,0.0,0.0,0.0,0.0,0.0,0.0,0.6319,0.1048,0.0899,0.2991,0.3328,15.279,1.1625,0.9493,6.7383,8.1913,0.2096,0.0189,0.0154,0.239,-0.0294
TN,iccad1,layercam,10,3,0.337,0.0207,0.0171,0.2241,0.0987,0.274,0.0448,0.0369,0.1732,0.1139,0.103,0.0132,0.0124,0.0738,0.0288,4.9,0.5555,0.5184,12.2374,-7.3374,0.0,0.0,0.0,0.0,0.0,0.0,0.0,0.0,0.0,0.0,0.1016,0.0055,0.0044,0.0883,0.0133,7.373,0.897,0.7691,6.276,1.097,0.3493,0.0235,0.022,0.2291,0.1202
TN,iccad1,layercam,20,3,0.3357,0.0124,0.0108,0.2475,0.0837,0.2502,0.0369,0.0305,0.1736,0.0799,0.1093,0.0146,0.0132,0.0812,0.0281,5.169,0.5085,0.4599,11.5071,-6.3381,0.0,0.0,0.0,0.0,0.0,0.0,0.0,0.0,0.0,0.0,0.3489,0.0451,0.0388,0.1973,0.1779,12.656,0.548,0.453,6.1004,6.5785,0.3289,0.0225,0.0203,0.2435,0.0816
TN,iccad1,layercam,30,3,0.3288,0.0107,0.0095,0.2434,0.0854,0.2332,0.0347,0.0292,0.1661,0.0679,0.1109,0.0133,0.0117,0.0785,0.0324,5.506,0.522,0.4774,12.0017,-6.4297,0.0,0.0,0.0,0.0,0.0,0.0,0.0,0.0,0.0,0.0,0.5742,0.0754,0.0623,0.2991,0.2751,13.884,0.664,0.626,6.7383,6.7963,0.3184,0.0188,0.0176,0.239,0.0794
TN,iccad1,occlusion,10,3,0.6903,0.0143,0.0123,0.2241,0.4662,0.2132,0.005,0.0045,0.1732,0.0309,0.1515,0.0222,0.0185,0.0738,0.0557,3.958,0.483,0.4002,12.2374,-8.2794,0.0,0.0,0.0,0.0,0.0,0.0,0.0,0.0,0.0,0.0,0.1218,0.0577,0.0493,0.0883,0.0177,7.573,4.185,3.4492,6.276,1.232,0.552,0.0234,0.0209,0.2291,0.2814
TN,iccad1,occlusion,20,3,0.588,0.0379,0.0353,0.2475,0.3405,0.2378,0.0168,0.0137,0.1736,0.0675,0.1447,0.0116,0.0097,0.0812,0.0622,4.03,0.378,0.3164,11.5071,-7.4771,0.0,0.0,0.0,0.0,0.0,0.0,0.0,0.0,0.0,0.0,0.1923,0.0691,0.0576,0.1973,0.0213,6.976,1.8935,1.6992,6.1004,0.8985,0.4792,0.0068,0.0056,0.2435,0.2298
TN,iccad1,occlusion,30,3,0.4983,0.0329,0.0308,0.2434,0.2113,0.2255,0.0061,0.0053,0.1661,0.0497,0.1265,0.0255,0.0208,0.0785,0.0451,4.606,0.9915,0.8156,12.0017,-6.1937,0.0,0.0,0.0,0.0,0.0,0.0,0.0,0.0,0.0,0.0,0.2527,0.0318,0.0299,0.2991,-0.0471,5.248,0.764,0.6256,6.7383,-0.8523,0.429,0.0341,0.0279,0.239,0.1782
TN,iccad2,gradcam,10,3,0.0,0.0,0.0,0.0942,-0.0942,0.0,0.0,0.0,0.1951,-0.1951,0.0,0.0,0.0,0.0265,-0.0265,43.101,5.107,4.8149,46.4124,-3.3114,0.0,0.0,0.0,0.0,0.0,0.0,0.0,0.0,0.0,0.0,0.0,0.0,0.0,0.0893,-0.0893,0.0,0.0,0.0,0.931,-0.931,0.0,0.0,0.0,0.0934,-0.0934
TN,iccad2,gradcam,20,3,0.0,0.0,0.0,0.0844,-0.0844,0.0,0.0,0.0,0.1943,-0.1943,0.0,0.0,0.0,0.0258,-0.0258,45.402,8.1065,7.6429,45.9797,-0.5777,0.0,0.0,0.0,0.0,0.0,0.0,0.0,0.0,0.0,0.0,0.0,0.0,0.0,0.1833,-0.1833,0.0,0.0,0.0,0.9313,-0.9313,0.0,0.0006,0.0006,0.0863,-0.0863
TN,iccad2,gradcam,30,3,0.0,0.0,0.0,0.0935,-0.0935,0.0,0.0008,0.0008,0.1802,-0.1802,0.0,0.0,0.0,0.0244,-0.0244,49.326,11.929,11.2468,48.5983,0.7277,0.0,0.0,0.0,0.0,0.0,0.0,0.0,0.0,0.0,0.0,0.0,0.0,0.0,0.2968,-0.2968,0.0,0.0,0.0,1.2131,-1.2131,0.0,0.0036,0.0034,0.0914,-0.0914
TN,iccad2,gradcam_plus,10,3,0.7098,0.1947,0.1836,0.0942,0.6156,0.2902,0.1349,0.1272,0.1951,0.1213,0.1421,0.0091,0.0086,0.0265,0.1156,4.894,1.0275,0.9687,46.4124,-41.5184,0.0,0.0,0.0,0.0,0.0,0.0,0.0,0.0,0.0,0.0,0.6538,0.1962,0.1849,0.0893,0.5621,6.776,8.4695,7.9851,0.931,5.9297,0.5508,0.1665,0.157,0.0934,0.4574
TN,iccad2,gradcam_plus,20,3,0.4379,0.1165,0.1099,0.0844,0.3535,0.5621,0.1228,0.1158,0.1943,0.3647,0.1228,0.017,0.016,0.0258,0.097,5.993,2.5055,2.3622,45.9797,-39.9867,0.0,0.0,0.0,0.0,0.0,0.0,0.0,0.0,0.0,0.0,1.0,0.345,0.3253,0.1833,0.8167,5.182,4.4345,4.1809,0.9313,4.2508,0.4171,0.1381,0.1302,0.0863,0.3308
TN,iccad2,gradcam_plus,30,3,0.2932,0.0678,0.0639,0.0935,0.1997,0.4367,0.1082,0.102,0.1802,0.2565,0.0832,0.0051,0.0048,0.0244,0.0588,21.018,2.837,2.6747,48.5983,-27.5803,0.0,0.0,0.0,0.0,0.0,0.0,0.0,0.0,0.0,0.0,1.0,0.3231,0.3046,0.2968,0.6417,3.454,3.621,3.4139,1.2131,2.2409,0.2813,0.0867,0.0817,0.0914,0.1899
TN,iccad2,layercam,10,3,0.1497,0.0908,0.0857,0.0942,0.0765,0.3386,0.0711,0.0671,0.1951,0.1697,0.0889,0.0329,0.0311,0.0265,0.069,32.27,14.3535,13.5326,46.4124,-14.1424,0.0,0.0,0.0,0.0,0.0,0.0,0.0,0.0,0.0,0.0,0.25,0.0541,0.051,0.0893,0.1667,2.591,14.946,14.0912,0.931,1.7447,0.1781,0.0247,0.0233,0.0934,0.0847
TN,iccad2,layercam,20,3,0.1306,0.0699,0.0659,0.0844,0.0519,0.276,0.056,0.0528,0.1943,0.0818,0.0611,0.0306,0.0288,0.0258,0.0359,37.819,15.9555,15.043,45.9797,-8.1607,0.0,0.0,0.0,0.0,0.0,0.0,0.0,0.0,0.0,0.0,0.4038,0.0904,0.0852,0.1833,0.2205,2.093,12.207,11.5089,0.9313,1.1618,0.1409,0.0315,0.0297,0.0863,0.0546
TN,iccad2,layercam,30,3,0.1125,0.0588,0.0554,0.0935,0.0315,0.2488,0.0371,0.035,0.1802,0.0718,0.0464,0.0292,0.0275,0.0244,0.0232,41.537,16.87,15.9052,48.5983,-7.0613,0.0,0.0,0.0,0.0,0.0,0.0,0.0,0.0,0.0,0.0,0.6731,0.048,0.0453,0.2968,0.4148,2.325,10.463,9.8646,1.2131,1.4505,0.119,0.0328,0.031,0.0914,0.0276
TN,iccad2,occlusion,10,3,0.5931,0.0,0.0,0.0942,0.4989,0.4069,0.0901,0.0849,0.1951,0.2118,0.118,0.008,0.0075,0.0265,0.0915,5.667,0.221,0.2084,46.4124,-40.7454,0.0,0.0,0.0,0.0,0.0,0.0,0.0,0.0,0.0,0.0,0.0,0.0044,0.0041,0.0893,-0.0833,0.0,0.3985,0.3757,0.931,-0.931,0.5208,0.0002,0.0002,0.0934,0.4274
TN,iccad2,occlusion,20,3,0.4337,0.0053,0.005,0.0844,0.3493,0.5217,0.131,0.1236,0.1943,0.3243,0.1186,0.0108,0.0102,0.0258,0.0928,6.842,0.375,0.3536,45.9797,-39.1377,0.0,0.0,0.0,0.0,0.0,0.0,0.0,0.0,0.0,0.0,0.5,0.2291,0.216,0.1833,0.3167,2.591,0.349,0.329,0.9313,1.6597,0.4087,0.0071,0.0067,0.0863,0.3224
TN,iccad2,occlusion,30,3,0.2932,0.0284,0.0268,0.0935,0.1997,0.5502,0.1373,0.1295,0.1802,0.37,0.0832,0.0058,0.0054,0.0244,0.0588,10.095,1.8995,1.7909,48.5983,-38.5033,0.0,0.0,0.0,0.0,0.0,0.0,0.0,0.0,0.0,0.0,0.9808,0.3487,0.3287,0.2968,0.6225,3.388,2.591,2.4428,1.2131,2.1749,0.2908,0.0182,0.0172,0.0914,0.1994
TN,iccad3,gradcam,10,3,0.1198,0.0256,0.0221,0.1216,0.0003,0.1941,0.0131,0.0115,0.1914,-0.0014,0.0289,0.0103,0.0084,0.0285,0.001,17.241,7.815,7.3209,16.1623,0.8767,0.0,0.0209,0.0197,0.0,0.0,0.0,0.0995,0.0938,0.0,0.0,0.0833,0.0601,0.0503,0.1186,-0.0154,4.982,5.1815,4.2317,4.9934,-1.6618,0.121,0.0217,0.0201,0.118,0.0047
TN,iccad3,gradcam,20,3,0.1177,0.0211,0.0188,0.1001,0.012,0.1949,0.0149,0.0137,0.1786,0.0046,0.0278,0.0089,0.0073,0.0234,0.0021,17.361,7.746,7.2233,18.4972,0.876,0.0,0.0209,0.0197,0.0,0.0,0.0,0.05,0.0471,0.0,0.0,0.0849,0.0601,0.0504,0.2133,-0.1406,2.491,2.641,2.1575,4.3327,-1.9921,0.1209,0.0214,0.0196,0.0994,0.0105
TN,iccad3,gradcam,30,3,0.1134,0.0236,0.0201,0.0932,0.0073,0.1954,0.0105,0.0093,0.1825,0.007,0.0278,0.0096,0.0078,0.0224,0.0018,17.614,8.1235,7.3817,18.6945,-0.2165,0.0,0.0209,0.0197,0.0,0.0,0.0,0.033,0.0311,0.0,0.0,0.4952,0.1138,0.1062,0.2817,0.2135,6.842,3.9195,3.2101,3.8151,1.6095,0.1119,0.0232,0.02,0.0951,0.0046
TN,iccad3,gradcam_plus,10,3,0.2734,0.2133,0.1773,0.1216,0.1965,0.4432,0.17,0.1467,0.1914,0.2338,0.0508,0.0311,0.0269,0.0285,0.0343,12.341,7.6685,6.3959,16.1623,-14.2583,0.0,0.5,0.4714,0.0,0.0,0.0,2.3915,2.2547,0.0,0.0,0.2356,0.1459,0.1191,0.1186,0.1127,9.765,1.2955,1.1077,4.9934,4.7716,0.1983,0.0729,0.0596,0.118,0.1279
TN,iccad3,gradcam_plus,20,3,0.1662,0.1688,0.15,0.1001,0.0975,0.3395,0.1588,0.1298,0.1786,0.1478,0.0357,0.0362,0.0335,0.0234,0.0171,17.017,10.4525,8.7542,18.4972,-8.298,0.0,0.5,0.4714,0.0,0.0,0.0,1.196,1.1276,0.0,0.0,0.375,0.1547,0.1415,0.2133,0.1788,5.282,2.1425,1.7844,4.3327,1.8939,0.1326,0.0723,0.066,0.0994,0.0627
TN,iccad3,gradcam_plus,30,3,0.13,0.0992,0.0924,0.0932,0.0596,0.2829,0.1146,0.0937,0.1825,0.0917,0.0372,0.0243,0.0209,0.0224,0.0103,16.363,9.9995,8.1736,18.6945,-5.6505,0.0,0.5,0.4714,0.0,0.0,0.0,0.797,0.7514,0.0,0.0,0.5288,0.1859,0.1554,0.2817,0.2471,7.308,3.421,2.8059,3.8151,2.6065,0.1215,0.0552,0.0493,0.0951,0.0379
TN,iccad3,layercam,10,3,0.4283,0.0293,0.0256,0.1216,0.3514,0.3964,0.0305,0.0274,0.1914,0.2226,0.0909,0.0036,0.0031,0.0285,0.0682,3.156,0.766,0.6541,16.1623,-13.0063,0.0,0.0625,0.0589,0.0,0.0,0.0,0.299,0.2819,0.0,0.0,0.4022,0.2428,0.2033,0.1186,0.3035,15.345,19.729,17.5821,4.9934,12.9362,0.2388,0.0312,0.026,0.118,0.1486
TN,iccad3,layercam,20,3,0.349,0.032,0.0289,0.1001,0.2218,0.393,0.0353,0.0289,0.1786,0.2176,0.0773,0.0088,0.0075,0.0234,0.0485,4.793,2.8275,2.457,18.4972,-13.7042,0.0,0.2917,0.275,0.0,0.0,0.0,0.6975,0.6576,0.0,0.0,0.6106,0.1827,0.1596,0.2133,0.3851,11.36,14.25,13.0118,4.3327,7.4749,0.2184,0.0348,0.0284,0.0994,0.119
TN,iccad3,layercam,30,3,0.2793,0.0416,0.0364,0.0932,0.1552,0.3627,0.0337,0.0277,0.1825,0.1944,0.0632,0.0116,0.0097,0.0224,0.0345,6.851,5.033,4.3644,18.6945,-11.8435,0.0,0.4792,0.4517,0.0,0.0,0.0,0.764,0.7203,0.0,0.0,0.7692,0.1282,0.1135,0.2817,0.4875,10.629,11.792,10.3412,3.8151,6.8139,0.1958,0.0376,0.0308,0.0951,0.0929
TN,iccad3,occlusion,10,3,0.3948,0.1086,0.0908,0.1216,0.3179,0.4388,0.0524,0.0428,0.1914,0.2294,0.0805,0.0216,0.0177,0.0285,0.064,4.477,0.878,0.8116,16.1623,-12.207,0.0,0.0,0.0,0.0,0.0,0.0,0.0,0.0,0.0,0.0,0.0,0.0521,0.0491,0.1186,-0.1186,0.0,6.4765,6.1061,4.9934,-2.4088,0.2487,0.0542,0.05,0.118,0.1783
TN,iccad3,occlusion,20,3,0.2614,0.035,0.0319,0.1001,0.188,0.4131,0.0824,0.0685,0.1786,0.2377,0.0628,0.0102,0.0083,0.0234,0.0375,5.747,0.895,0.741,18.4972,-13.3842,0.0,0.0,0.0,0.0,0.0,0.0,0.0,0.0,0.0,0.0,0.101,0.0801,0.0662,0.2133,-0.1123,2.093,4.9825,4.2902,4.3327,-2.2397,0.2381,0.037,0.0304,0.0994,0.1387
TN,iccad3,occlusion,30,3,0.2057,0.0252,0.0226,0.0932,0.1133,0.3261,0.0982,0.0829,0.1825,0.1578,0.0484,0.0064,0.0054,0.0224,0.026,7.796,0.5445,0.4921,18.6945,-10.8015,0.0,0.0,0.0,0.0,0.0,0.0,0.0,0.0,0.0,0.0,0.3221,0.1226,0.1029,0.2817,0.0262,2.724,5.647,5.1744,3.8151,0.8795,0.1937,0.0241,0.0218,0.0951,0.1015
TN,iccad4,gradcam,10,3,0.0,0.0,0.0,0.1017,-0.1017,0.0,0.0,0.0,0.1951,-0.1951,0.0,0.0,0.0,0.0264,-0.0264,31.461,3.937,3.4133,18.1746,13.2864,0.0,0.0,0.0,0.0,0.0,0.0,0.0,0.0,0.0,0.0,0.0,0.0,0.0,0.097,-0.097,0.0,0.0,0.0,3.9778,-3.9778,0.0063,0.0013,0.0011,0.0998,-0.0935
TN,iccad4,gradcam,20,3,0.0,0.0,0.0,0.0855,-0.0855,0.0,0.0,0.0,0.192,-0.192,0.0,0.0,0.0,0.0222,-0.0222,31.909,1.641,1.3681,18.9424,12.9666,0.0,0.0,0.0,0.0,0.0,0.0,0.0,0.0,0.0,0.0,0.0,0.0,0.0,0.1833,-0.1833,0.0,0.0,0.0,3.2586,-3.2586,0.0032,0.0017,0.0015,0.0899,-0.0867
TN,iccad4,gradcam,30,3,0.0,0.0,0.0,0.0956,-0.0956,0.0,0.0175,0.0165,0.1928,-0.1869,0.0,0.0,0.0,0.0248,-0.0248,31.205,0.8565,0.7013,18.2347,13.7153,0.0,0.0,0.0,0.0,0.0,0.0,0.0,0.0,0.0,0.0,0.0,0.0,0.0,0.3279,-0.3279,0.0,0.0,0.0,3.611,-3.611,0.0055,0.0095,0.0085,0.0957,-0.0782
TN,iccad4,gradcam_plus,10,3,0.2086,0.0169,0.016,0.1017,0.1069,0.4556,0.1198,0.1121,0.1951,0.2605,0.0588,0.0039,0.0037,0.0264,0.0324,4.948,0.022,0.0207,18.1746,-13.2266,0.0,0.0,0.0,0.0,0.0,0.0,0.0,0.0,0.0,0.0,0.1868,0.0812,0.0689,0.097,0.0749,6.776,0.5975,0.5633,3.9778,2.7982,0.2099,0.0002,0.0001,0.0998,0.1101
TN,iccad4,gradcam_plus,20,3,0.1531,0.0187,0.0177,0.0855,0.0797,0.3302,0.0682,0.0575,0.192,0.1273,0.0395,0.0048,0.0045,0.0222,0.0207,13.299,1.5805,1.4889,18.9424,-6.9085,0.0,0.0,0.0,0.0,0.0,0.0,0.0,0.0,0.0,0.0,0.4,0.0773,0.0654,0.1833,0.2354,5.182,2.541,2.3957,3.2586,3.408,0.1339,0.0092,0.0087,0.0899,0.0467
TN,iccad4,gradcam_plus,30,3,0.1083,0.0126,0.0107,0.0956,0.0257,0.2398,0.0565,0.0464,0.1928,0.0422,0.0279,0.0033,0.0028,0.0248,0.0064,17.461,1.2985,1.0883,18.2347,-0.7016,0.0,0.0,0.0,0.0,0.0,0.0,0.0,0.0,0.0,0.0,0.4444,0.0917,0.0813,0.3279,0.1165,4.052,1.7275,1.5077,3.611,1.1354,0.0993,0.0093,0.0082,0.0957,0.0143
TN,iccad4,layercam,10,3,0.0835,0.0117,0.0104,0.1017,0.0019,0.434,0.1206,0.109,0.1951,0.2235,0.0281,0.0021,0.002,0.0264,0.0059,6.42,0.166,0.139,18.1746,-11.7546,0.0,0.0,0.0,0.0,0.0,0.0,0.0,0.0,0.0,0.0,0.3846,0.1008,0.0844,0.097,0.2936,11.359,3.089,2.6456,3.9778,7.6529,0.1799,0.0072,0.0058,0.0998,0.0801
TN,iccad4,layercam,20,3,0.0997,0.0079,0.0066,0.0855,0.0142,0.3989,0.0881,0.0796,0.192,0.2116,0.0319,0.0027,0.0024,0.0222,0.0097,7.112,0.69,0.568,18.9424,-11.8304,0.0,0.0,0.0,0.0,0.0,0.0,0.0,0.0,0.0,0.0,0.6374,0.1522,0.1309,0.1833,0.4541,11.56,0.9965,0.8961,3.2586,8.672,0.1699,0.0119,0.0098,0.0899,0.08
TN,iccad4,layercam,30,3,0.101,0.0146,0.0121,0.0956,0.0186,0.3618,0.0571,0.0524,0.1928,0.1687,0.0336,0.0044,0.0036,0.0248,0.0109,8.48,1.4915,1.2484,18.2347,-9.8146,0.0,0.0,0.0,0.0,0.0,0.0,0.0,0.0,0.0,0.0,0.8187,0.1346,0.1121,0.3279,0.5139,9.898,1.362,1.1131,3.611,6.287,0.1602,0.0159,0.0136,0.0957,0.0673
TN,iccad4,occlusion,10,3,0.3382,0.0235,0.0196,0.1017,0.2377,0.4237,0.0192,0.017,0.1951,0.2286,0.0833,0.0064,0.0052,0.0264,0.0588,4.482,0.567,0.501,18.1746,-13.8536,0.0,0.0,0.0,0.0,0.0,0.0,0.0,0.0,0.0,0.0,0.0,0.0,0.0,0.097,-0.097,0.0,0.0,0.0,3.9778,-3.9778,0.2169,0.0084,0.0073,0.0998,0.1201
TN,iccad4,occlusion,20,3,0.1913,0.0142,0.0117,0.0855,0.1052,0.3369,0.0504,0.0443,0.192,0.1499,0.0478,0.0032,0.0026,0.0222,0.0256,7.492,0.4525,0.3701,18.9424,-11.4504,0.0,0.0,0.0,0.0,0.0,0.0,0.0,0.0,0.0,0.0,0.0,0.0,0.0,0.1833,-0.1833,0.0,0.0,0.0,3.2586,-3.2586,0.1787,0.0068,0.0056,0.0899,0.0888
TN,iccad4,occlusion,30,3,0.1701,0.0172,0.0147,0.0956,0.0792,0.3106,0.0346,0.0316,0.1928,0.1192,0.0425,0.0042,0.0035,0.0248,0.0193,7.912,1.079,0.9976,18.2347,-10.3227,0.0,0.0,0.0,0.0,0.0,0.0,0.0,0.0,0.0,0.0,0.0342,0.05,0.0415,0.3279,-0.2937,0.531,0.432,0.3558,3.611,-3.611,0.1714,0.0136,0.0127,0.0957,0.0764
TN,iccad5,gradcam,10,3,0.0825,0.0835,0.0769,0.0596,0.0254,0.2005,0.0096,0.0082,0.1767,0.0273,0.0183,0.018,0.0169,0.0145,0.0052,26.041,26.219,21.6356,27.5077,-2.9585,0.0,0.0,0.0,0.0,0.0,0.0,0.0,0.0,0.0,0.0,0.0,0.0,0.0,0.0917,-0.0917,0.0,0.0,0.0,1.9141,-1.9141,0.0821,0.0813,0.0751,0.0607,0.0219
TN,iccad5,gradcam,20,3,0.0807,0.0701,0.0649,0.0639,0.0175,0.1975,0.0045,0.004,0.1837,0.0138,0.0179,0.0164,0.0155,0.0158,0.0032,25.998,26.1305,21.6044,26.3737,-0.3757,0.0,0.0,0.0,0.0,0.0,0.0,0.0,0.0,0.0,0.0,0.0,0.0223,0.0211,0.2064,-0.2026,0.0,0.897,0.8457,2.6236,-2.6236,0.0808,0.0696,0.0645,0.065,0.0167
TN,iccad5,gradcam,30,3,0.0785,0.0651,0.0603,0.0706,0.0079,0.1992,0.0076,0.0069,0.1889,0.0103,0.0182,0.0171,0.0161,0.0162,0.0021,25.948,26.299,21.7458,25.9506,-1.7958,0.0,0.0,0.0,0.0,0.0,0.0,0.0,0.0,0.0,0.0,0.5,0.0106,0.0099,0.2667,0.2184,3.454,4.6835,4.4156,2.3915,1.6484,0.0756,0.0642,0.0595,0.0702,0.0057
TN,iccad5,gradcam_plus,10,3,0.0825,0.0835,0.0769,0.0596,0.0254,0.2005,0.0096,0.0082,0.1767,0.0273,0.0183,0.018,0.0169,0.0145,0.0052,26.041,26.219,21.6356,27.5077,-2.9585,0.0,0.0,0.0,0.0,0.0,0.0,0.0,0.0,0.0,0.0,0.0,0.0,0.0,0.0917,-0.0917,0.0,0.0,0.0,1.9141,-1.9141,0.0821,0.0813,0.0751,0.0607,0.0219
TN,iccad5,gradcam_plus,20,3,0.0807,0.0701,0.0649,0.0639,0.0175,0.1975,0.0045,0.004,0.1837,0.0138,0.0179,0.0164,0.0155,0.0158,0.0032,25.998,26.1305,21.6044,26.3737,-0.3757,0.0,0.0,0.0,0.0,0.0,0.0,0.0,0.0,0.0,0.0,0.0,0.0223,0.0211,0.2064,-0.2026,0.0,0.897,0.8457,2.6236,-2.6236,0.0808,0.0696,0.0645,0.065,0.0167
TN,iccad5,gradcam_plus,30,3,0.0785,0.0651,0.0603,0.0706,0.0079,0.1992,0.0076,0.0069,0.1889,0.0103,0.0182,0.0171,0.0161,0.0162,0.0021,25.948,26.299,21.7458,25.9506,-1.7958,0.0,0.0,0.0,0.0,0.0,0.0,0.0,0.0,0.0,0.0,0.5,0.0106,0.0099,0.2667,0.2184,3.454,4.6835,4.4156,2.3915,1.6484,0.0756,0.0642,0.0595,0.0702,0.0057
TN,iccad5,layercam,10,3,0.2278,0.0256,0.0233,0.0596,0.1233,0.4769,0.0803,0.0658,0.1767,0.3002,0.055,0.0211,0.0175,0.0145,0.0357,9.44,11.7185,9.9397,27.5077,-18.0677,0.0,0.0209,0.0197,0.0,0.0,0.0,0.0995,0.0938,0.0,0.0,0.3654,0.208,0.173,0.0917,0.2737,13.352,5.3805,4.3972,1.9141,11.1466,0.1929,0.0484,0.04,0.0607,0.0976
TN,iccad5,layercam,20,3,0.1774,0.0322,0.0274,0.0639,0.0981,0.3903,0.0768,0.0627,0.1837,0.2004,0.0429,0.0196,0.0166,0.0158,0.0271,13.242,16.126,13.6441,26.3737,-13.1317,0.0,0.2708,0.2554,0.0,0.0,0.0,0.6475,0.6105,0.0,0.0,0.5962,0.203,0.1657,0.2064,0.3379,8.271,4.7835,4.1065,2.6236,6.2137,0.1635,0.0507,0.0423,0.065,0.0664
TN,iccad5,layercam,30,3,0.1521,0.035,0.0315,0.0706,0.0745,0.3371,0.0667,0.0545,0.1889,0.1449,0.0367,0.0166,0.0142,0.0162,0.0181,15.569,18.792,15.9014,25.9506,-10.3816,0.0,0.4167,0.3928,0.0,0.0,0.0,0.6645,0.6265,0.0,0.0,0.8173,0.1532,0.1315,0.2667,0.5314,6.112,4.916,4.5292,2.3915,3.8414,0.1431,0.0514,0.0435,0.0702,0.0503
TN,iccad5,occlusion,10,3,0.2654,0.0583,0.0494,0.0596,0.176,0.5139,0.1519,0.132,0.1767,0.3443,0.0592,0.0052,0.0044,0.0145,0.0421,5.951,0.8235,0.7741,27.5077,-21.5467,0.0,0.0,0.0,0.0,0.0,0.0,0.0,0.0,0.0,0.0,0.134,0.1827,0.156,0.0917,0.0427,8.569,4.8825,4.1834,1.9141,3.5736,0.2189,0.0355,0.0327,0.0607,0.1546
TN,iccad5,occlusion,20,3,0.2024,0.0509,0.0425,0.0639,0.1066,0.4384,0.1636,0.1358,0.1837,0.2485,0.0461,0.0088,0.0073,0.0158,0.0243,6.658,1.4225,1.3038,26.3737,-17.0367,0.0,0.1875,0.1768,0.0,0.0,0.0,0.4485,0.4228,0.0,0.0,0.4519,0.1865,0.1531,0.2064,0.1936,6.976,3.687,3.0814,2.6236,3.9362,0.2057,0.0403,0.0331,0.065,0.0923
TN,iccad5,occlusion,30,3,0.1624,0.0696,0.0577,0.0706,0.0799,0.3414,0.1015,0.0834,0.1889,0.1492,0.0373,0.0151,0.0126,0.0162,0.0131,12.191,9.004,7.5374,25.9506,-13.7596,0.0,0.3125,0.2946,0.0,0.0,0.0,0.498,0.4695,0.0,0.0,0.6538,0.2021,0.1689,0.2667,0.3871,5.381,2.757,2.4215,2.3915,2.9895,0.1597,0.0562,0.0462,0.0702,0.0502
TP,iccad1,gradcam,10,3,0.0943,0.0693,0.0566,0.2569,-0.1579,0.2892,0.0339,0.0307,0.1779,0.1223,0.0727,0.0389,0.0323,0.0796,-0.0069,5.614,0.1505,0.1298,9.5053,-3.8913,0.0,0.0,0.0,0.0,0.0,0.0,0.0,0.0,0.0,0.0,0.1124,0.0285,0.0236,0.1085,0.0039,8.569,2.3915,2.0605,7.1615,0.4115,0.3486,0.0111,0.0099,0.2529,0.0908
TP,iccad1,gradcam,20,3,0.1006,0.0473,0.0391,0.2385,-0.138,0.2891,0.0369,0.0304,0.1643,0.1248,0.0545,0.0097,0.0079,0.0785,-0.024,5.694,0.2165,0.1768,9.6877,-3.9937,0.0,0.0,0.0,0.0,0.0,0.0,0.0,0.0,0.0,0.0,0.2163,0.0176,0.016,0.191,0.0279,8.57,0.7975,0.6777,7.2819,1.0687,0.3229,0.004,0.0034,0.2367,0.0843
TP,iccad1,gradcam,30,3,0.1165,0.0182,0.0165,0.2643,-0.1478,0.2919,0.0183,0.0171,0.178,0.1099,0.064,0.012,0.0102,0.0815,-0.0045,5.995,0.326,0.2735,9.0683,-3.5323,0.0,0.0,0.0,0.0,0.0,0.0,0.0,0.0,0.0,0.0,0.3876,0.0368,0.0305,0.29,0.0742,9.367,2.059,1.8052,7.7387,2.3206,0.304,0.0086,0.0071,0.2638,0.0471
TP,iccad1,gradcam_plus,10,3,0.1353,0.0763,0.0625,0.2569,-0.1169,0.1088,0.0386,0.0335,0.1779,-0.0581,0.0819,0.0349,0.0295,0.0796,0.0023,8.43,0.9195,0.7617,9.5053,-0.469,0.0,0.0,0.0,0.0,0.0,0.0,0.0,0.0,0.0,0.0,0.1474,0.0204,0.0166,0.1085,0.0407,11.16,1.6935,1.4459,7.1615,3.5141,0.2416,0.0491,0.0401,0.2529,-0.0113
TP,iccad1,gradcam_plus,20,3,0.1075,0.0359,0.0305,0.2385,-0.1311,0.147,0.0517,0.0456,0.1643,-0.0173,0.0524,0.0108,0.0091,0.0785,-0.0199,8.067,0.34,0.3056,9.6877,-1.6207,0.0,0.0,0.0,0.0,0.0,0.0,0.0,0.0,0.0,0.0,0.1893,0.0166,0.0143,0.191,-0.0016,7.573,1.8435,1.5359,7.2819,0.1301,0.2328,0.0171,0.0144,0.2367,-0.0075
TP,iccad1,gradcam_plus,30,3,0.1007,0.0161,0.0132,0.2643,-0.1492,0.1527,0.0366,0.0337,0.178,-0.0226,0.0493,0.0055,0.0045,0.0815,-0.0266,7.662,0.103,0.0926,9.0683,-1.4063,0.0,0.02,0.0189,0.0,0.0,0.0,0.033,0.0311,0.0,0.0,0.3718,0.0596,0.0491,0.29,0.0336,9.367,1.6605,1.3787,7.7387,1.253,0.2333,0.0024,0.002,0.2638,-0.0287
TP,iccad1,layercam,10,3,0.3749,0.0248,0.0207,0.2569,0.1227,0.3131,0.0136,0.0111,0.1779,0.134,0.1405,0.0161,0.0142,0.0796,0.0588,4.059,0.5945,0.5041,9.5053,-5.6358,0.0,0.26,0.2451,0.0,0.0,0.0,1.2955,1.2214,0.0,0.0,0.1752,0.0409,0.0366,0.1085,0.0572,16.341,4.683,3.8309,7.1615,3.9985,0.3768,0.0201,0.017,0.2529,0.1239
TP,iccad1,layercam,20,3,0.3475,0.0305,0.025,0.2385,0.1089,0.2827,0.0144,0.0118,0.1643,0.1143,0.1204,0.0158,0.0131,0.0785,0.0419,4.613,0.6,0.4978,9.6877,-5.4877,0.0,0.42,0.396,0.0,0.0,0.0,1.0465,0.9866,0.0,0.0,0.4111,0.0818,0.072,0.191,0.2185,17.04,5.5805,4.6828,7.2819,9.7581,0.3483,0.0199,0.0163,0.2367,0.108
TP,iccad1,layercam,30,3,0.3273,0.0264,0.0216,0.2643,0.0728,0.2636,0.0149,0.0123,0.178,0.0856,0.1127,0.0118,0.0099,0.0815,0.0312,4.995,0.515,0.4312,9.0683,-4.3853,0.0,0.48,0.4525,0.0,0.0,0.0,0.797,0.7514,0.0,0.0,0.5385,0.1035,0.09,0.29,0.2387,14.881,4.8165,4.0193,7.7387,7.1423,0.3304,0.0164,0.0134,0.2638,0.0818
TP,iccad1,occlusion,10,3,0.5068,0.0326,0.0271,0.2569,0.2499,0.2914,0.048,0.0436,0.1779,0.1245,0.16,0.0129,0.0105,0.0796,0.0804,3.684,0.237,0.2227,9.5053,-5.8213,0.0,0.0,0.0,0.0,0.0,0.0,0.0,0.0,0.0,0.0,0.2644,0.0978,0.0814,0.1085,0.1801,21.921,3.9855,3.2758,7.1615,15.0721,0.4303,0.0339,0.0295,0.2529,0.1784
TP,iccad1,occlusion,20,3,0.4251,0.0072,0.0059,0.2385,0.1947,0.2393,0.0306,0.0277,0.1643,0.075,0.13,0.0066,0.0054,0.0785,0.0567,4.899,0.1615,0.1491,9.6877,-4.8027,0.0,0.0,0.0,0.0,0.0,0.0,0.0,0.0,0.0,0.0,0.4087,0.1008,0.0824,0.191,0.2294,16.941,1.3455,1.169,7.2819,9.6591,0.3714,0.0083,0.0069,0.2367,0.1366
TP,iccad1,occlusion,30,3,0.3644,0.0259,0.0217,0.2643,0.1226,0.254,0.0257,0.0219,0.178,0.076,0.1095,0.0081,0.0071,0.0815,0.0386,5.859,0.6575,0.5775,9.0683,-4.3183,0.0,0.5,0.4714,0.0,0.0,0.0,0.8305,0.783,0.0,0.0,0.5085,0.0417,0.038,0.29,0.2167,13.884,1.3285,1.1208,7.7387,6.1453,0.34,0.0237,0.0198,0.2638,0.1001
TP,iccad2,gradcam,10,3,0.5339,0.086,0.0734,0.3295,0.1982,0.2316,0.0741,0.0607,0.1384,0.0932,0.1263,0.0558,0.0495,0.0671,0.0592,2.148,0.1135,0.0985,5.6186,-3.2866,0.0,0.0,0.0,0.0,0.0,0.0,0.0,0.0,0.0,0.0,0.0574,0.023,0.0192,0.1101,-0.0365,8.768,3.7865,3.1144,14.7135,-5.3009,0.5317,0.0262,0.0217,0.329,0.1961
TP,iccad2,gradcam,20,3,0.415,0.0641,0.0598,0.3287,0.1181,0.2143,0.0446,0.0382,0.1496,0.0801,0.1172,0.0332,0.0281,0.0713,0.0459,2.686,0.198,0.1617,5.4798,-2.8299,0.0,0.0,0.0,0.0,0.0,0.0,0.0,0.0,0.0,0.0,0.1291,0.0575,0.0469,0.2048,-0.0757,9.865,4.584,3.7534,15.2702,-5.4736,0.4591,0.0214,0.0193,0.3345,0.1617
TP,iccad2,gradcam,30,3,0.385,0.0365,0.0327,0.3304,0.0642,0.2003,0.035,0.0318,0.1489,0.0604,0.0907,0.0324,0.0301,0.0709,0.0216,2.962,0.455,0.3882,5.1972,-2.1062,0.0,0.0209,0.0197,0.0,0.0,0.0,0.033,0.0311,0.0,0.0,0.2399,0.0959,0.0783,0.3151,-0.0752,12.223,5.1815,4.2363,14.9957,-3.5128,0.4327,0.0266,0.0223,0.3326,0.122
TP,iccad2,gradcam_plus,10,3,0.0269,0.0313,0.0271,0.3295,-0.2917,0.0707,0.0415,0.034,0.1384,-0.0677,0.0207,0.0166,0.0139,0.0671,-0.0535,11.428,1.1825,1.0456,5.6186,5.8883,0.0,0.0,0.0,0.0,0.0,0.0,0.0,0.0,0.0,0.0,0.0398,0.0168,0.0145,0.1101,-0.0703,5.978,2.69,2.3065,14.7135,-10.2394,0.0964,0.0214,0.0175,0.329,-0.2326
TP,iccad2,gradcam_plus,20,3,0.0867,0.0151,0.0137,0.3287,-0.2258,0.0686,0.0633,0.0538,0.1496,-0.0656,0.0271,0.019,0.0166,0.0713,-0.0504,9.614,0.997,0.8153,5.4798,4.1342,0.0,0.0,0.0,0.0,0.0,0.0,0.0,0.0,0.0,0.0,0.1121,0.0118,0.0098,0.2048,-0.0924,8.57,1.2955,1.0671,15.2702,-5.9602,0.1254,0.0329,0.0306,0.3345,-0.172
TP,iccad2,gradcam_plus,30,3,0.1651,0.0816,0.0684,0.3304,-0.1668,0.0667,0.0518,0.0453,0.1489,-0.0732,0.0343,0.0234,0.0214,0.0709,-0.0356,8.736,0.474,0.4112,5.1972,3.6678,0.0,0.0,0.0,0.0,0.0,0.0,0.0,0.0,0.0,0.0,0.2021,0.0597,0.0488,0.3151,-0.113,10.297,3.355,2.7554,14.9957,-5.4388,0.2061,0.0672,0.0549,0.3326,-0.1265
TP,iccad2,layercam,10,3,0.4777,0.0216,0.0195,0.3295,0.1677,0.2248,0.0566,0.053,0.1384,0.0918,0.111,0.0658,0.0615,0.0671,0.0441,1.893,0.0995,0.0903,5.6186,-3.738,0.0,0.0209,0.0197,0.0,0.0,0.0,0.0995,0.0938,0.0,0.0,0.1538,0.0549,0.0485,0.1101,0.0424,20.725,8.4695,7.0868,14.7135,6.0115,0.4502,0.0212,0.0186,0.329,0.1146
TP,iccad2,layercam,20,3,0.4212,0.0191,0.0157,0.3287,0.1008,0.2079,0.0565,0.0515,0.1496,0.0659,0.0974,0.0522,0.0483,0.0713,0.03,2.249,0.116,0.1011,5.4798,-3.0398,0.0,0.5,0.4714,0.0,0.0,0.0,1.196,1.1276,0.0,0.0,0.284,0.0358,0.0302,0.2048,0.088,19.133,2.89,2.4261,15.2702,6.1968,0.3957,0.0281,0.0232,0.3345,0.0778
TP,iccad2,layercam,30,3,0.3837,0.0172,0.0141,0.3304,0.0547,0.1892,0.0477,0.0449,0.1489,0.0493,0.0919,0.0455,0.0421,0.0709,0.0217,2.783,0.132,0.1096,5.1972,-2.3752,0.0,0.5,0.4714,0.0,0.0,0.0,0.797,0.7514,0.0,0.0,0.4571,0.0535,0.045,0.3151,0.1358,20.527,2.89,2.4539,14.9957,6.3885,0.3741,0.0237,0.0194,0.3326,0.0415
TP,iccad2,occlusion,10,3,0.4595,0.0207,0.0177,0.3295,0.1334,0.2218,0.0708,0.0653,0.1384,0.0834,0.1092,0.0605,0.0564,0.0671,0.0421,2.29,0.2395,0.223,5.6186,-3.329,0.0,0.0,0.0,0.0,0.0,0.0,0.0,0.0,0.0,0.0,0.1568,0.0203,0.0166,0.1101,0.0454,21.124,3.288,2.9302,14.7135,6.4105,0.4303,0.0252,0.0211,0.329,0.11
TP,iccad2,occlusion,20,3,0.5047,0.0265,0.0217,0.3287,0.1846,0.1932,0.0582,0.0529,0.1496,0.0499,0.1041,0.0508,0.0455,0.0713,0.0328,2.572,0.197,0.1733,5.4798,-2.5738,0.0,0.0,0.0,0.0,0.0,0.0,0.0,0.0,0.0,0.0,0.2321,0.0285,0.0237,0.2048,0.0273,17.738,2.89,2.5066,15.2702,2.3994,0.4713,0.022,0.0181,0.3345,0.1571
TP,iccad2,occlusion,30,3,0.5089,0.0341,0.0283,0.3304,0.1964,0.173,0.0411,0.0377,0.1489,0.0288,0.0976,0.0346,0.0314,0.0709,0.0267,3.107,0.3375,0.28,5.1972,-2.1932,0.0,0.5,0.4714,0.0,0.0,0.0,0.797,0.7514,0.0,0.0,0.3117,0.0609,0.0517,0.3151,0.0062,15.612,3.9525,3.2589,14.9957,0.6163,0.4723,0.0293,0.0254,0.3326,0.1616
TP,iccad3,gradcam,10,3,0.5851,0.0684,0.0567,0.2619,0.368,0.2585,0.0434,0.0369,0.1683,0.0552,0.1082,0.0036,0.003,0.0635,0.0499,1.857,0.205,0.1834,7.0109,-5.1539,0.0,0.0,0.0,0.0,0.0,0.0,0.0,0.0,0.0,0.0,0.2622,0.0068,0.0057,0.0862,0.1696,33.28,11.8575,10.3027,10.7291,22.5509,0.4408,0.0394,0.0355,0.2674,0.1808
TP,iccad3,gradcam,20,3,0.4699,0.0423,0.0353,0.26,0.231,0.3224,0.0789,0.0678,0.1772,0.1452,0.1069,0.0109,0.0091,0.0625,0.0495,2.011,0.3555,0.2915,7.3493,-5.6363,0.0,0.0,0.0,0.0,0.0,0.0,0.0,0.0,0.0,0.0,0.4388,0.0752,0.0618,0.2089,0.2185,25.012,13.5025,12.1069,12.3048,12.7072,0.4284,0.0448,0.0372,0.2616,0.1921
TP,iccad3,gradcam,30,3,0.3947,0.0315,0.0267,0.2501,0.1738,0.3299,0.0751,0.0673,0.1622,0.1536,0.0967,0.0071,0.0066,0.0611,0.044,2.373,0.2955,0.248,7.4441,-5.4881,0.0,0.3958,0.3732,0.0,0.0,0.0,0.631,0.5949,0.0,0.0,0.7115,0.024,0.0204,0.3066,0.4069,31.622,10.0645,8.551,13.3876,18.2344,0.3962,0.0286,0.0235,0.2513,0.1671
TP,iccad3,gradcam_plus,10,3,0.5536,0.0886,0.078,0.2619,0.3184,0.347,0.0896,0.081,0.1683,0.1437,0.1114,0.021,0.0172,0.0635,0.0479,1.577,1.3485,1.252,7.0109,-5.4339,0.0,0.0,0.0,0.0,0.0,0.0,0.0,0.0,0.0,0.0,0.0612,0.0277,0.0226,0.0862,-0.025,7.772,1.8935,1.5467,10.7291,-2.9571,0.4477,0.0391,0.0331,0.2674,0.2002
TP,iccad3,gradcam_plus,20,3,0.4681,0.0767,0.0636,0.26,0.2292,0.313,0.0849,0.0734,0.1772,0.1164,0.099,0.0081,0.0068,0.0625,0.0415,1.8,1.322,1.2438,7.3493,-5.5603,0.0,0.0,0.0,0.0,0.0,0.0,0.0,0.0,0.0,0.0,0.1962,0.1084,0.089,0.2089,0.0166,12.456,4.7335,3.8854,12.3048,1.2842,0.4364,0.042,0.0355,0.2616,0.1971
TP,iccad3,gradcam_plus,30,3,0.4371,0.0798,0.0654,0.2501,0.2162,0.3222,0.0887,0.0764,0.1622,0.1298,0.1032,0.0108,0.009,0.0611,0.0421,1.901,1.261,1.1821,7.4441,-5.5431,0.0,0.0416,0.0393,0.0,0.0,0.0,0.0665,0.0627,0.0,0.0,0.4757,0.0765,0.0714,0.3066,0.1529,20.129,1.5945,1.3113,13.3876,6.7414,0.4245,0.0466,0.0423,0.2513,0.1808
TP,iccad3,layercam,10,3,0.503,0.0116,0.0098,0.2619,0.2411,0.3246,0.061,0.0573,0.1683,0.1221,0.113,0.0027,0.0024,0.0635,0.0495,1.892,0.131,0.1098,7.0109,-5.1189,0.0,0.0,0.0,0.0,0.0,0.0,0.0,0.0,0.0,0.0,0.1206,0.0536,0.0443,0.0862,0.0367,13.75,12.3555,10.3797,10.7291,4.3751,0.4338,0.021,0.0178,0.2674,0.1774
TP,iccad3,layercam,20,3,0.47,0.0042,0.0038,0.26,0.2025,0.3073,0.0566,0.0529,0.1772,0.1107,0.1017,0.0027,0.0022,0.0625,0.0374,2.227,0.0625,0.0518,7.3493,-5.1223,0.0,0.0,0.0,0.0,0.0,0.0,0.0,0.0,0.0,0.0,0.264,0.0308,0.0252,0.2089,0.0543,15.047,7.125,6.6711,12.3048,3.6762,0.4061,0.0076,0.0069,0.2616,0.1456
TP,iccad3,layercam,30,3,0.4418,0.0038,0.0034,0.2501,0.1917,0.2918,0.0508,0.0459,0.1622,0.0994,0.1,0.0013,0.0011,0.0611,0.0389,2.416,0.057,0.0486,7.4441,-5.0011,0.0,0.0,0.0,0.0,0.0,0.0,0.0,0.0,0.0,0.0,0.4458,0.0247,0.0202,0.3066,0.1534,17.87,7.0085,6.3997,13.3876,6.0502,0.3822,0.0007,0.0006,0.2513,0.1309
TP,iccad3,occlusion,10,3,0.5165,0.0771,0.0659,0.2619,0.2907,0.346,0.0842,0.0757,0.1683,0.1596,0.1192,0.0163,0.0142,0.0635,0.0613,1.789,0.592,0.5137,7.0109,-5.4449,0.0,0.0,0.0,0.0,0.0,0.0,0.0,0.0,0.0,0.0,0.049,0.0638,0.0525,0.0862,-0.0349,5.58,12.555,10.7655,10.7291,-3.7949,0.4549,0.0478,0.0398,0.2674,0.2191
TP,iccad3,occlusion,20,3,0.4443,0.0312,0.0256,0.26,0.2054,0.296,0.0687,0.0598,0.1772,0.1188,0.1033,0.0069,0.0057,0.0625,0.0459,2.708,0.1885,0.1584,7.3493,-4.9093,0.0,0.0,0.0,0.0,0.0,0.0,0.0,0.0,0.0,0.0,0.3129,0.0857,0.0741,0.2089,0.0926,17.838,11.5095,9.6696,12.3048,5.5332,0.4055,0.0175,0.0145,0.2616,0.1559
TP,iccad3,occlusion,30,3,0.3922,0.0134,0.0118,0.2501,0.1421,0.2704,0.0522,0.0479,0.1622,0.0836,0.0931,0.002,0.0017,0.0611,0.032,3.296,0.057,0.0488,7.4441,-4.0601,0.0,0.0,0.0,0.0,0.0,0.0,0.0,0.0,0.0,0.0,0.4909,0.0645,0.0599,0.3066,0.1843,18.8,8.37,7.2367,13.3876,7.9102,0.358,0.0063,0.0053,0.2513,0.1102
TP,iccad4,gradcam,10,3,0.4265,0.0279,0.0256,0.1727,0.2508,0.3802,0.0738,0.0659,0.1801,0.2037,0.1078,0.0103,0.0085,0.0419,0.055,1.704,0.729,0.677,10.7692,-7.6522,0.0,0.0,0.0,0.0,0.0,0.0,0.0,0.0,0.0,0.0,0.2764,0.1069,0.0877,0.098,0.1718,24.711,8.2705,7.4109,9.453,14.4211,0.4152,0.033,0.0287,0.1796,0.1972
TP,iccad4,gradcam,20,3,0.4708,0.0217,0.02,0.1934,0.2382,0.3551,0.0834,0.0701,0.1844,0.1707,0.1124,0.0151,0.0126,0.0466,0.063,1.94,0.968,0.8549,9.9857,-6.3867,0.0,0.0,0.0,0.0,0.0,0.0,0.0,0.0,0.0,0.0,0.4832,0.2664,0.2263,0.2119,0.2713,23.119,11.709,10.3881,10.6706,11.4232,0.3471,0.0508,0.0423,0.1919,0.1788
TP,iccad4,gradcam,30,3,0.4266,0.0495,0.041,0.1917,0.2367,0.3408,0.0725,0.0613,0.1952,0.1449,0.0953,0.0173,0.0144,0.0467,0.0547,2.402,1.261,1.0649,9.7213,-5.4813,0.0,0.0,0.0,0.0,0.0,0.0,0.0,0.0,0.0,0.0,0.6395,0.2099,0.1841,0.3085,0.331,28.167,8.3705,7.088,9.7569,14.851,0.308,0.058,0.0516,0.1898,0.1553
TP,iccad4,gradcam_plus,10,3,0.1758,0.2239,0.1872,0.1727,-0.0489,0.2218,0.1712,0.1464,0.1801,0.0453,0.0845,0.0549,0.0453,0.0419,0.0289,7.643,5.249,4.2971,10.7692,0.156,0.0,0.0,0.0,0.0,0.0,0.0,0.0,0.0,0.0,0.0,0.1161,0.2669,0.241,0.098,0.0233,15.345,26.8035,23.3123,9.453,3.3269,0.2293,0.1078,0.0882,0.1796,-0.0008
TP,iccad4,gradcam_plus,20,3,0.2634,0.1034,0.0866,0.1934,0.0289,0.205,0.1473,0.1339,0.1844,0.0206,0.0829,0.0276,0.0228,0.0466,0.0246,7.386,3.4275,2.8965,9.9857,-0.7567,0.0,0.0,0.0,0.0,0.0,0.0,0.0,0.0,0.0,0.0,0.3197,0.3115,0.2919,0.2119,0.1172,20.628,16.3925,14.0434,10.6706,8.0044,0.2445,0.0625,0.051,0.1919,0.0069
TP,iccad4,gradcam_plus,30,3,0.2564,0.0666,0.0587,0.1917,0.0451,0.2437,0.097,0.0878,0.1952,0.0485,0.0672,0.0136,0.0112,0.0467,0.0102,7.035,2.1585,1.9325,9.7213,-2.2093,0.0,0.0,0.0,0.0,0.0,0.0,0.0,0.0,0.0,0.0,0.4183,0.3087,0.2809,0.3085,0.0999,16.409,10.463,8.9434,9.7569,3.093,0.2426,0.0359,0.0294,0.1898,0.0218
TP,iccad4,layercam,10,3,0.3617,0.0533,0.0452,0.1727,0.137,0.3826,0.0943,0.0771,0.1801,0.2025,0.0837,0.0068,0.0058,0.0419,0.0378,2.914,0.1855,0.1747,10.7692,-7.8552,0.0,0.0,0.0,0.0,0.0,0.0,0.0,0.0,0.0,0.0,0.3887,0.0603,0.0551,0.098,0.2907,36.469,2.69,2.2367,9.453,24.4509,0.3495,0.0151,0.0124,0.1796,0.1876
TP,iccad4,layercam,20,3,0.3376,0.0332,0.0304,0.1934,0.1426,0.3358,0.0694,0.0567,0.1844,0.1473,0.0749,0.0039,0.0033,0.0466,0.0283,3.812,0.374,0.3272,9.9857,-6.1737,0.0,0.0,0.0,0.0,0.0,0.0,0.0,0.0,0.0,0.0,0.6275,0.0506,0.0425,0.2119,0.4063,30.892,4.7335,3.8962,10.6706,20.2214,0.3245,0.0122,0.0109,0.1919,0.1326
TP,iccad4,layercam,30,3,0.3063,0.0309,0.0256,0.1917,0.1146,0.3066,0.0541,0.0442,0.1952,0.1114,0.0703,0.0073,0.0059,0.0467,0.0236,4.399,0.5265,0.4564,9.7213,-5.3223,0.0,0.0,0.0,0.0,0.0,0.0,0.0,0.0,0.0,0.0,0.7524,0.0421,0.0346,0.3085,0.434,26.373,5.4475,4.4483,9.7569,16.6161,0.3014,0.0202,0.0169,0.1898,0.1116
TP,iccad4,occlusion,10,3,0.3665,0.0129,0.0105,0.1727,0.1812,0.3404,0.0853,0.07,0.1801,0.1603,0.0925,0.0044,0.0038,0.0419,0.0436,3.28,0.297,0.2517,10.7692,-7.0492,0.0,0.0,0.0,0.0,0.0,0.0,0.0,0.0,0.0,0.0,0.4375,0.0764,0.0678,0.098,0.3329,40.255,4.3845,3.5849,9.453,28.2369,0.3166,0.0126,0.0114,0.1796,0.137
TP,iccad4,occlusion,20,3,0.3737,0.0433,0.0389,0.1934,0.1636,0.3311,0.0439,0.0377,0.1844,0.1426,0.0911,0.0103,0.0092,0.0466,0.0404,3.956,0.613,0.5063,9.9857,-6.0297,0.0,0.0,0.0,0.0,0.0,0.0,0.0,0.0,0.0,0.0,0.5098,0.0075,0.007,0.2119,0.2889,25.112,6.577,5.4517,10.6706,14.4414,0.3261,0.0294,0.0268,0.1919,0.1342
TP,iccad4,occlusion,30,3,0.3171,0.063,0.0516,0.1917,0.1335,0.2801,0.03,0.0248,0.1952,0.0849,0.0755,0.0151,0.0124,0.0467,0.0314,5.221,0.953,0.8845,9.7213,-4.4393,0.0,0.0,0.0,0.0,0.0,0.0,0.0,0.0,0.0,0.0,0.549,0.068,0.0639,0.3085,0.2405,22.454,4.5175,3.9161,9.7569,10.865,0.289,0.0421,0.0344,0.1898,0.0992
TP,iccad5,gradcam,10,3,0.2995,0.0307,0.0262,0.226,0.0735,0.2395,0.0365,0.0315,0.184,0.0284,0.0735,0.0076,0.0062,0.059,0.0126,4.172,2.414,2.1989,6.1155,-2.0256,0.4762,0.3125,0.2666,0.1,0.3762,1.993,1.4945,1.2427,0.4102,1.5828,0.107,0.0148,0.0123,0.1136,-0.0066,13.75,3.587,3.1733,16.6014,-0.5602,0.3137,0.0182,0.0159,0.221,0.0627
TP,iccad5,gradcam,20,3,0.2979,0.0217,0.0182,0.2373,0.0482,0.228,0.0089,0.0074,0.1899,0.0381,0.0796,0.0021,0.0019,0.0616,0.0142,4.745,1.9095,1.6929,6.016,-1.6672,0.625,0.5,0.4125,0.1667,0.4583,1.495,1.0465,0.8802,0.3907,1.1043,0.2522,0.0281,0.023,0.2027,0.0417,19.93,5.2815,4.3621,16.263,3.6312,0.3033,0.012,0.0099,0.2374,0.0502
TP,iccad5,gradcam,30,3,0.2979,0.0115,0.0106,0.2286,0.0476,0.2273,0.0098,0.0087,0.1858,0.0415,0.0724,0.0019,0.0016,0.0599,0.0125,4.665,1.7565,1.6553,6.0821,-1.4171,0.625,0.5,0.4125,0.2333,0.225,0.996,0.6975,0.5866,0.319,0.3712,0.4907,0.0282,0.0254,0.3136,0.186,25.576,3.222,2.6597,15.46,10.116,0.2821,0.0094,0.0082,0.2287,0.0376
TP,iccad5,gradcam_plus,10,3,0.2995,0.0307,0.0262,0.226,0.0735,0.2395,0.0365,0.0315,0.184,0.0284,0.0735,0.0076,0.0062,0.059,0.0126,4.172,2.414,2.1989,6.1155,-2.0256,0.4762,0.3125,0.2666,0.1,0.3762,1.993,1.4945,1.2427,0.4102,1.5828,0.107,0.0148,0.0123,0.1136,-0.0066,13.75,3.587,3.1733,16.6014,-0.5602,0.3137,0.0182,0.0159,0.221,0.0627
TP,iccad5,gradcam_plus,20,3,0.2979,0.0217,0.0182,0.2373,0.0482,0.228,0.0089,0.0074,0.1899,0.0381,0.0796,0.0021,0.0019,0.0616,0.0142,4.745,1.9095,1.6929,6.016,-1.6672,0.625,0.5,0.4125,0.1667,0.4583,1.495,1.0465,0.8802,0.3907,1.1043,0.2522,0.0281,0.023,0.2027,0.0417,19.93,5.2815,4.3621,16.263,3.6312,0.3033,0.012,0.0099,0.2374,0.0502
TP,iccad5,gradcam_plus,30,3,0.2979,0.0115,0.0106,0.2286,0.0476,0.2273,0.0098,0.0087,0.1858,0.0415,0.0724,0.0019,0.0016,0.0599,0.0125,4.665,1.7565,1.6553,6.0821,-1.4171,0.625,0.5,0.4125,0.2333,0.225,0.996,0.6975,0.5866,0.319,0.3712,0.4907,0.0282,0.0254,0.3136,0.186,25.576,3.222,2.6597,15.46,10.116,0.2821,0.0094,0.0082,0.2287,0.0376
TP,iccad5,layercam,10,3,0.2995,0.0307,0.0262,0.226,0.0735,0.2395,0.0365,0.0315,0.184,0.0284,0.0735,0.0076,0.0062,0.059,0.0126,4.172,2.414,2.1989,6.1155,-2.0256,0.4762,0.3125,0.2666,0.1,0.3762,1.993,1.4945,1.2427,0.4102,1.5828,0.107,0.0148,0.0123,0.1136,-0.0066,13.75,3.587,3.1733,16.6014,-0.5602,0.3137,0.0182,0.0159,0.221,0.0627
TP,iccad5,layercam,20,3,0.2979,0.0217,0.0182,0.2373,0.0482,0.228,0.0089,0.0074,0.1899,0.0381,0.0796,0.0021,0.0019,0.0616,0.0142,4.745,1.9095,1.6929,6.016,-1.6672,0.625,0.5,0.4125,0.1667,0.4583,1.495,1.0465,0.8802,0.3907,1.1043,0.2522,0.0281,0.023,0.2027,0.0417,19.93,5.2815,4.3621,16.263,3.6312,0.3033,0.012,0.0099,0.2374,0.0502
TP,iccad5,layercam,30,3,0.2979,0.0115,0.0106,0.2286,0.0476,0.2273,0.0098,0.0087,0.1858,0.0415,0.0724,0.0019,0.0016,0.0599,0.0125,4.665,1.7565,1.6553,6.0821,-1.4171,0.625,0.5,0.4125,0.2333,0.225,0.996,0.6975,0.5866,0.319,0.3712,0.4907,0.0282,0.0254,0.3136,0.186,25.576,3.222,2.6597,15.46,10.116,0.2821,0.0094,0.0082,0.2287,0.0376
TP,iccad5,occlusion,10,3,0.2995,0.0307,0.0262,0.226,0.0735,0.2395,0.0365,0.0315,0.184,0.0284,0.0735,0.0076,0.0062,0.059,0.0126,4.172,2.414,2.1989,6.1155,-2.0256,0.4762,0.3125,0.2666,0.1,0.3762,1.993,1.4945,1.2427,0.4102,1.5828,0.107,0.0148,0.0123,0.1136,-0.0066,13.75,3.587,3.1733,16.6014,-0.5602,0.3137,0.0182,0.0159,0.221,0.0627
TP,iccad5,occlusion,20,3,0.2979,0.0217,0.0182,0.2373,0.0482,0.228,0.0089,0.0074,0.1899,0.0381,0.0796,0.0021,0.0019,0.0616,0.0142,4.745,1.9095,1.6929,6.016,-1.6672,0.625,0.5,0.4125,0.1667,0.4583,1.495,1.0465,0.8802,0.3907,1.1043,0.2522,0.0281,0.023,0.2027,0.0417,19.93,5.2815,4.3621,16.263,3.6312,0.3033,0.012,0.0099,0.2374,0.0502
TP,iccad5,occlusion,30,3,0.2979,0.0115,0.0106,0.2286,0.0476,0.2273,0.0098,0.0087,0.1858,0.0415,0.0724,0.0019,0.0016,0.0599,0.0125,4.665,1.7565,1.6553,6.0821,-1.4171,0.625,0.5,0.4125,0.2333,0.225,0.996,0.6975,0.5866,0.319,0.3712,0.4907,0.0282,0.0254,0.3136,0.186,25.576,3.222,2.6597,15.46,10.116,0.2821,0.0094,0.0082,0.2287,0.0376
