run_name,noise_type,noise_idx,p_nhs,logit_nhs,penult_norm,penult_n_active,is_zero_vector
balanced_sampling_seed1,uniform,0,0.0005618985160253942,-7.4836,13.942,9,False
balanced_sampling_seed1,uniform,1,0.0006366995512507856,-7.3586,13.7146,9,False
balanced_sampling_seed1,uniform,2,0.0013112168526276946,-6.6355,13.5913,8,False
balanced_sampling_seed1,uniform,3,0.00029565393924713135,-8.126,14.5167,9,False
balanced_sampling_seed1,uniform,4,0.0001550166489323601,-8.7718,15.3725,7,False
balanced_sampling_seed1,uniform,5,0.0006311282049864531,-7.3674,14.9583,9,False
balanced_sampling_seed1,uniform,6,0.000593019591178745,-7.4297,13.7632,9,False
balanced_sampling_seed1,uniform,7,0.00024022885190788656,-8.3337,14.9773,9,False
balanced_sampling_seed1,uniform,8,0.0006578266620635986,-7.3259,13.7879,9,False
balanced_sampling_seed1,uniform,9,0.000855956575833261,-7.0624,13.7497,9,False
balanced_sampling_seed1,uniform,10,0.0006380122504197061,-7.3565,14.8048,9,False
balanced_sampling_seed1,uniform,11,0.00036496963002718985,-7.9153,14.102,9,False
balanced_sampling_seed1,uniform,12,0.0002805536787491292,-8.1785,14.4653,8,False
balanced_sampling_seed1,uniform,13,0.000309130729874596,-8.0814,14.7998,8,False
balanced_sampling_seed1,uniform,14,0.0002848357835318893,-8.1633,14.5273,8,False
balanced_sampling_seed1,uniform,15,0.0005563104641623795,-7.4936,14.3711,9,False
balanced_sampling_seed1,uniform,16,0.00044168593012727797,-7.7245,14.6073,9,False
balanced_sampling_seed1,uniform,17,0.0007605702267028391,-7.1807,13.8179,8,False
balanced_sampling_seed1,uniform,18,0.00019664391584228724,-8.5339,15.3353,9,False
balanced_sampling_seed1,uniform,19,0.000604240398388356,-7.4109,13.7595,8,False
balanced_sampling_seed1,uniform,20,0.001325277960859239,-6.6248,13.9069,9,False
balanced_sampling_seed1,uniform,21,0.00031297520035877824,-8.0691,13.9661,8,False
balanced_sampling_seed1,uniform,22,0.0003172851575072855,-8.0554,14.4589,9,False
balanced_sampling_seed1,uniform,23,0.0007516960031352937,-7.1924,13.9427,9,False
balanced_sampling_seed1,uniform,24,0.0006167672690935433,-7.3904,13.5454,8,False
balanced_sampling_seed1,uniform,25,0.0024293812457472086,-6.0177,13.6011,9,False
balanced_sampling_seed1,uniform,26,0.00031479427707381546,-8.0633,14.6845,9,False
balanced_sampling_seed1,uniform,27,0.0011543636210262775,-6.7631,13.3118,9,False
balanced_sampling_seed1,uniform,28,0.0009406139724887908,-6.968,13.6835,9,False
balanced_sampling_seed1,uniform,29,0.00046932039549574256,-7.6638,15.398,9,False
balanced_sampling_seed1,binary_p0.3,0,1.3483401062330813e-06,-13.5166,27.1216,9,False
balanced_sampling_seed1,binary_p0.3,1,1.3919556067776284e-06,-13.4848,26.3548,9,False
balanced_sampling_seed1,binary_p0.3,2,1.348059441852456e-07,-15.8194,27.5849,9,False
balanced_sampling_seed1,binary_p0.3,3,1.4075619674258633e-06,-13.4736,24.4714,8,False
balanced_sampling_seed1,binary_p0.3,4,1.2518222547441837e-06,-13.5909,26.7269,9,False
balanced_sampling_seed1,binary_p0.3,5,6.914633559063077e-07,-14.1845,26.9499,9,False
balanced_sampling_seed1,binary_p0.3,6,1.7514195178591763e-06,-13.2551,26.5898,9,False
balanced_sampling_seed1,binary_p0.3,7,7.722185273451032e-07,-14.074,26.6535,9,False
balanced_sampling_seed1,binary_p0.3,8,4.233215804561041e-06,-12.3725,25.3961,10,False
balanced_sampling_seed1,binary_p0.3,9,7.413001412714948e-07,-14.1149,27.5109,10,False
balanced_sampling_seed1,binary_p0.3,10,1.4115880730969366e-06,-13.4708,25.8739,10,False
balanced_sampling_seed1,binary_p0.3,11,1.2612841828740784e-06,-13.5834,27.0138,9,False
balanced_sampling_seed1,binary_p0.3,12,2.4684970867383527e-06,-12.9119,26.1789,9,False
balanced_sampling_seed1,binary_p0.3,13,3.7882139167777495e-06,-12.4836,24.5511,8,False
balanced_sampling_seed1,binary_p0.3,14,3.297404191471287e-06,-12.6224,26.1122,9,False
balanced_sampling_seed1,binary_p0.3,15,5.331912689143792e-06,-12.1418,24.9747,9,False
balanced_sampling_seed1,binary_p0.3,16,2.547076519476832e-06,-12.8806,26.0918,10,False
balanced_sampling_seed1,binary_p0.3,17,2.2926481051399605e-06,-12.9858,26.7733,9,False
balanced_sampling_seed1,binary_p0.3,18,5.954287871645647e-07,-14.334,27.6047,9,False
balanced_sampling_seed1,binary_p0.3,19,1.7213895944223623e-06,-13.2724,24.6729,10,False
balanced_sampling_seed1,binary_p0.3,20,5.00746239140426e-07,-14.5072,25.8911,10,False
balanced_sampling_seed1,binary_p0.3,21,2.939881369456998e-07,-15.0397,26.6831,9,False
balanced_sampling_seed1,binary_p0.3,22,9.419052560133423e-08,-16.1779,28.0598,8,False
balanced_sampling_seed1,binary_p0.3,23,6.395949299076165e-07,-14.2624,26.5728,10,False
balanced_sampling_seed1,binary_p0.3,24,5.217704028837034e-07,-14.466,26.9692,10,False
balanced_sampling_seed1,binary_p0.3,25,1.1680759826049325e-06,-13.6602,25.7896,9,False
balanced_sampling_seed1,binary_p0.3,26,1.7469856175011955e-06,-13.2576,26.1525,9,False
balanced_sampling_seed1,binary_p0.3,27,4.020217602374032e-06,-12.4242,24.6909,9,False
balanced_sampling_seed1,binary_p0.3,28,2.1447131075547077e-06,-13.0525,25.8618,9,False
balanced_sampling_seed1,binary_p0.3,29,1.1639571084742784e-06,-13.6637,26.5356,10,False
balanced_sampling_seed2,uniform,0,0.9999845623970032,11.0797,35.0491,3,False
balanced_sampling_seed2,uniform,1,0.9999829530715942,10.9806,34.5846,3,False
balanced_sampling_seed2,uniform,2,0.999984085559845,11.0497,34.7604,3,False
balanced_sampling_seed2,uniform,3,0.9999849796295166,11.1079,34.9833,3,False
balanced_sampling_seed2,uniform,4,0.999982476234436,10.9521,34.7531,3,False
balanced_sampling_seed2,uniform,5,0.9999847412109375,11.0918,35.0198,3,False
balanced_sampling_seed2,uniform,6,0.9999862909317017,11.1967,35.2321,3,False
balanced_sampling_seed2,uniform,7,0.9999845623970032,11.0802,34.9321,3,False
balanced_sampling_seed2,uniform,8,0.9999845623970032,11.0798,34.7543,3,False
balanced_sampling_seed2,uniform,9,0.9999819397926331,10.9203,34.2213,3,False
balanced_sampling_seed2,uniform,10,0.9999822378158569,10.9375,34.4753,3,False
balanced_sampling_seed2,uniform,11,0.9999856352806091,11.1497,35.006,3,False
balanced_sampling_seed2,uniform,12,0.9999852180480957,11.1228,34.8757,3,False
balanced_sampling_seed2,uniform,13,0.9999875426292419,11.2944,35.6041,3,False
balanced_sampling_seed2,uniform,14,0.9999836683273315,11.0228,34.8404,3,False
balanced_sampling_seed2,uniform,15,0.9999856352806091,11.1505,35.255,3,False
balanced_sampling_seed2,uniform,16,0.99998539686203,11.1346,35.0944,3,False
balanced_sampling_seed2,uniform,17,0.9999798536300659,10.8119,33.9685,3,False
balanced_sampling_seed2,uniform,18,0.9999845623970032,11.0786,34.9916,3,False
balanced_sampling_seed2,uniform,19,0.9999850392341614,11.112,35.0047,3,False
balanced_sampling_seed2,uniform,20,0.9999814033508301,10.8936,34.3832,3,False
balanced_sampling_seed2,uniform,21,0.9999837279319763,11.0272,34.7374,3,False
balanced_sampling_seed2,uniform,22,0.9999833106994629,11.002,34.7573,3,False
balanced_sampling_seed2,uniform,23,0.9999862313270569,11.194,35.2932,3,False
balanced_sampling_seed2,uniform,24,0.9999836683273315,11.0219,34.7733,3,False
balanced_sampling_seed2,uniform,25,0.9999834299087524,11.0063,34.74,3,False
balanced_sampling_seed2,uniform,26,0.9999836683273315,11.0225,34.6359,3,False
balanced_sampling_seed2,uniform,27,0.999984622001648,11.0829,34.979,3,False
balanced_sampling_seed2,uniform,28,0.999982476234436,10.952,34.7351,3,False
balanced_sampling_seed2,uniform,29,0.9999850988388062,11.1143,35.0499,3,False
balanced_sampling_seed2,binary_p0.3,0,0.9999997615814209,15.2628,47.5769,3,False
balanced_sampling_seed2,binary_p0.3,1,0.9999997615814209,15.1677,47.4086,3,False
balanced_sampling_seed2,binary_p0.3,2,0.9999997019767761,15.1129,47.0416,3,False
balanced_sampling_seed2,binary_p0.3,3,0.9999998807907104,15.7398,49.2094,3,False
balanced_sampling_seed2,binary_p0.3,4,0.9999997615814209,15.32,47.8347,3,False
balanced_sampling_seed2,binary_p0.3,5,0.9999998211860657,15.3964,47.6976,3,False
balanced_sampling_seed2,binary_p0.3,6,0.9999998211860657,15.5068,48.5093,3,False
balanced_sampling_seed2,binary_p0.3,7,0.9999997615814209,15.3482,47.9379,3,False
balanced_sampling_seed2,binary_p0.3,8,0.9999997615814209,15.2986,47.6057,3,False
balanced_sampling_seed2,binary_p0.3,9,0.9999997019767761,14.9864,46.7511,3,False
balanced_sampling_seed2,binary_p0.3,10,0.9999997615814209,15.2529,47.4615,3,False
balanced_sampling_seed2,binary_p0.3,11,0.9999997615814209,15.2683,47.7233,3,False
balanced_sampling_seed2,binary_p0.3,12,0.9999997615814209,15.3618,47.7734,3,False
balanced_sampling_seed2,binary_p0.3,13,0.9999997615814209,15.2772,47.8676,3,False
balanced_sampling_seed2,binary_p0.3,14,0.9999997019767761,15.0556,47.1079,3,False
balanced_sampling_seed2,binary_p0.3,15,0.9999997615814209,15.2809,47.7559,3,False
balanced_sampling_seed2,binary_p0.3,16,0.9999997019767761,15.0699,46.5638,3,False
balanced_sampling_seed2,binary_p0.3,17,0.9999997019767761,15.0145,46.8217,3,False
balanced_sampling_seed2,binary_p0.3,18,0.9999995827674866,14.7156,45.9295,3,False
balanced_sampling_seed2,binary_p0.3,19,0.9999997019767761,14.9968,46.6691,3,False
balanced_sampling_seed2,binary_p0.3,20,0.9999997019767761,15.0458,46.7706,3,False
balanced_sampling_seed2,binary_p0.3,21,0.9999997019767761,14.9697,46.5708,3,False
balanced_sampling_seed2,binary_p0.3,22,0.9999997615814209,15.3278,47.9755,3,False
balanced_sampling_seed2,binary_p0.3,23,0.9999997615814209,15.2463,47.5746,3,False
balanced_sampling_seed2,binary_p0.3,24,0.9999997615814209,15.3044,47.7039,3,False
balanced_sampling_seed2,binary_p0.3,25,0.9999997615814209,15.3339,47.8966,3,False
balanced_sampling_seed2,binary_p0.3,26,0.9999997019767761,15.0983,47.1058,3,False
balanced_sampling_seed2,binary_p0.3,27,0.9999997615814209,15.2317,47.3129,3,False
balanced_sampling_seed2,binary_p0.3,28,0.9999997615814209,15.2193,47.5437,3,False
balanced_sampling_seed2,binary_p0.3,29,0.9999997615814209,15.304,47.8908,3,False
balanced_sampling_seed3,uniform,0,0.0009067238424904644,-7.0048,25.7377,9,False
balanced_sampling_seed3,uniform,1,0.007516014855355024,-4.8832,25.2598,9,False
balanced_sampling_seed3,uniform,2,0.003114133607596159,-5.7687,25.9426,9,False
balanced_sampling_seed3,uniform,3,0.0009415156091563404,-6.9671,25.7878,9,False
balanced_sampling_seed3,uniform,4,0.0004628499737009406,-7.6776,27.1545,9,False
balanced_sampling_seed3,uniform,5,0.0010729521745815873,-6.8363,26.1869,9,False
balanced_sampling_seed3,uniform,6,0.0009142934577539563,-6.9964,24.9596,9,False
balanced_sampling_seed3,uniform,7,0.0018262750236317515,-6.3036,26.1092,9,False
balanced_sampling_seed3,uniform,8,0.006519450340420008,-5.0264,24.9429,9,False
balanced_sampling_seed3,uniform,9,0.000700967269949615,-7.2623,25.4139,9,False
balanced_sampling_seed3,uniform,10,0.0027058355044573545,-5.9096,25.8178,9,False
balanced_sampling_seed3,uniform,11,0.003470525611191988,-5.66,25.7737,9,False
balanced_sampling_seed3,uniform,12,0.0005225387285463512,-7.5563,26.5541,9,False
balanced_sampling_seed3,uniform,13,0.0008783809025771916,-7.0366,25.8637,9,False
balanced_sampling_seed3,uniform,14,0.0016159997321665287,-6.4262,26.1662,9,False
balanced_sampling_seed3,uniform,15,0.0006167796673253179,-7.3904,25.4058,9,False
balanced_sampling_seed3,uniform,16,0.002074966672807932,-6.1757,25.2725,9,False
balanced_sampling_seed3,uniform,17,0.004096336662769318,-5.4936,26.2251,9,False
balanced_sampling_seed3,uniform,18,0.0007572078029625118,-7.1851,26.9914,9,False
balanced_sampling_seed3,uniform,19,0.0009688372956588864,-6.9384,25.5848,9,False
balanced_sampling_seed3,uniform,20,0.0008524447912350297,-7.0665,26.548,9,False
balanced_sampling_seed3,uniform,21,0.0019030465045943856,-6.2624,26.0158,9,False
balanced_sampling_seed3,uniform,22,0.0013615575153380632,-6.5978,25.9551,9,False
balanced_sampling_seed3,uniform,23,0.004036129452288151,-5.5084,26.371,9,False
balanced_sampling_seed3,uniform,24,0.0012276207562536001,-6.7014,26.3243,9,False
balanced_sampling_seed3,uniform,25,0.001046355813741684,-6.8614,26.4891,9,False
balanced_sampling_seed3,uniform,26,0.0004646446614060551,-7.6738,25.8713,9,False
balanced_sampling_seed3,uniform,27,0.0010294998064637184,-6.8777,25.8361,9,False
balanced_sampling_seed3,uniform,28,0.002438694704324007,-6.0139,25.1875,9,False
balanced_sampling_seed3,uniform,29,0.000861578097101301,-7.0559,26.7647,9,False
balanced_sampling_seed3,binary_p0.3,0,1.1338937838445418e-05,-11.3873,41.3687,9,False
balanced_sampling_seed3,binary_p0.3,1,1.8670218196348287e-05,-10.8886,40.1431,9,False
balanced_sampling_seed3,binary_p0.3,2,1.9067265384364873e-05,-10.8675,40.1622,9,False
balanced_sampling_seed3,binary_p0.3,3,1.004657860903535e-05,-11.5083,39.8087,9,False
balanced_sampling_seed3,binary_p0.3,4,2.918101245086291e-06,-12.7446,41.6175,9,False
balanced_sampling_seed3,binary_p0.3,5,4.672363047575345e-06,-12.2738,41.2529,9,False
balanced_sampling_seed3,binary_p0.3,6,0.00018972285033669323,-8.5698,41.055,9,False
balanced_sampling_seed3,binary_p0.3,7,1.9278741092421114e-05,-10.8565,40.8436,9,False
balanced_sampling_seed3,binary_p0.3,8,3.703491893247701e-05,-10.2036,39.3608,9,False
balanced_sampling_seed3,binary_p0.3,9,5.18709975949605e-06,-12.1693,40.2545,9,False
balanced_sampling_seed3,binary_p0.3,10,4.0510079998057336e-05,-10.1139,41.5471,9,False
balanced_sampling_seed3,binary_p0.3,11,4.354613702162169e-05,-10.0416,40.8749,9,False
balanced_sampling_seed3,binary_p0.3,12,1.1615947187237907e-05,-11.3631,40.614,9,False
balanced_sampling_seed3,binary_p0.3,13,2.2023064957465976e-05,-10.7234,41.7485,9,False
balanced_sampling_seed3,binary_p0.3,14,3.023394128831569e-05,-10.4065,41.2768,9,False
balanced_sampling_seed3,binary_p0.3,15,1.7063321138266474e-05,-10.9786,40.9883,9,False
balanced_sampling_seed3,binary_p0.3,16,1.4056870895728935e-05,-11.1724,42.7278,9,False
balanced_sampling_seed3,binary_p0.3,17,1.884475386759732e-05,-10.8793,40.409,9,False
balanced_sampling_seed3,binary_p0.3,18,2.3649128706892952e-05,-10.6522,40.6683,9,False
balanced_sampling_seed3,binary_p0.3,19,2.748990482359659e-05,-10.5017,40.0085,9,False
balanced_sampling_seed3,binary_p0.3,20,2.0535793737508357e-05,-10.7933,41.2217,9,False
balanced_sampling_seed3,binary_p0.3,21,1.5952966350596398e-05,-11.0458,41.8113,9,False
balanced_sampling_seed3,binary_p0.3,22,5.002950729249278e-06,-12.2055,41.3299,9,False
balanced_sampling_seed3,binary_p0.3,23,6.638100785494316e-06,-11.9227,38.9996,9,False
balanced_sampling_seed3,binary_p0.3,24,1.582376535225194e-05,-11.054,41.6592,9,False
balanced_sampling_seed3,binary_p0.3,25,8.67228300194256e-06,-11.6554,41.5828,9,False
balanced_sampling_seed3,binary_p0.3,26,3.173024015268311e-05,-10.3582,39.7666,9,False
balanced_sampling_seed3,binary_p0.3,27,2.003275221795775e-05,-10.8181,40.6315,9,False
balanced_sampling_seed3,binary_p0.3,28,8.04505543783307e-06,-11.7304,41.1597,9,False
balanced_sampling_seed3,binary_p0.3,29,1.2057204003212973e-05,-11.3258,39.5893,9,False
baseline_noweight_seed1,uniform,0,0.8857139945030212,2.0477,4.299,5,False
baseline_noweight_seed1,uniform,1,0.9161156415939331,2.3907,4.7666,5,False
baseline_noweight_seed1,uniform,2,0.9004232287406921,2.2019,4.3991,5,False
baseline_noweight_seed1,uniform,3,0.8267390727996826,1.5627,3.7318,5,False
baseline_noweight_seed1,uniform,4,0.9028490781784058,2.2293,4.7708,5,False
baseline_noweight_seed1,uniform,5,0.8445835113525391,1.6927,3.661,5,False
baseline_noweight_seed1,uniform,6,0.8400356769561768,1.6585,4.3711,5,False
baseline_noweight_seed1,uniform,7,0.8656741976737976,1.8632,4.4899,5,False
baseline_noweight_seed1,uniform,8,0.8828456997871399,2.0197,4.4852,5,False
baseline_noweight_seed1,uniform,9,0.8468493223190308,1.7101,3.5869,5,False
baseline_noweight_seed1,uniform,10,0.8569120168685913,1.7899,4.0994,5,False
baseline_noweight_seed1,uniform,11,0.8093167543411255,1.4456,3.9143,5,False
baseline_noweight_seed1,uniform,12,0.8484954237937927,1.7228,4.04,5,False
baseline_noweight_seed1,uniform,13,0.8559799790382385,1.7823,4.0112,5,False
baseline_noweight_seed1,uniform,14,0.811074435710907,1.457,3.9011,5,False
baseline_noweight_seed1,uniform,15,0.8558818697929382,1.7815,4.4258,5,False
baseline_noweight_seed1,uniform,16,0.8434433341026306,1.6841,4.2012,5,False
baseline_noweight_seed1,uniform,17,0.8148866295814514,1.4821,4.1993,6,False
baseline_noweight_seed1,uniform,18,0.8751874566078186,1.9476,4.4372,6,False
baseline_noweight_seed1,uniform,19,0.9000396132469177,2.1977,4.3837,5,False
baseline_noweight_seed1,uniform,20,0.9035773277282715,2.2376,4.4379,5,False
baseline_noweight_seed1,uniform,21,0.8842148780822754,2.033,4.1785,5,False
baseline_noweight_seed1,uniform,22,0.8802599310874939,1.9949,4.252,5,False
baseline_noweight_seed1,uniform,23,0.8833112716674805,2.0242,4.7203,5,False
baseline_noweight_seed1,uniform,24,0.827267587184906,1.5664,4.0443,5,False
baseline_noweight_seed1,uniform,25,0.9007909297943115,2.206,4.8762,5,False
baseline_noweight_seed1,uniform,26,0.866853654384613,1.8734,4.1553,5,False
baseline_noweight_seed1,uniform,27,0.8728298544883728,1.9262,3.9564,5,False
baseline_noweight_seed1,uniform,28,0.8884903788566589,2.0754,4.4596,5,False
baseline_noweight_seed1,uniform,29,0.8796505331993103,1.9891,4.2266,6,False
baseline_noweight_seed1,binary_p0.3,0,0.22021599113941193,-1.2644,3.1764,5,False
baseline_noweight_seed1,binary_p0.3,1,0.2022884339094162,-1.3721,3.5293,6,False
baseline_noweight_seed1,binary_p0.3,2,0.19802434742450714,-1.3987,3.1658,5,False
baseline_noweight_seed1,binary_p0.3,3,0.214365616440773,-1.2988,3.8649,4,False
baseline_noweight_seed1,binary_p0.3,4,0.2528337240219116,-1.0836,3.5034,3,False
baseline_noweight_seed1,binary_p0.3,5,0.2555157244205475,-1.0694,3.095,3,False
baseline_noweight_seed1,binary_p0.3,6,0.2242467701435089,-1.2411,3.3207,5,False
baseline_noweight_seed1,binary_p0.3,7,0.2721150815486908,-0.9839,2.8932,3,False
baseline_noweight_seed1,binary_p0.3,8,0.2674960196018219,-1.0074,2.4513,5,False
baseline_noweight_seed1,binary_p0.3,9,0.23915202915668488,-1.1573,3.1537,6,False
baseline_noweight_seed1,binary_p0.3,10,0.20663858950138092,-1.3453,3.558,5,False
baseline_noweight_seed1,binary_p0.3,11,0.1717795729637146,-1.5731,3.5246,5,False
baseline_noweight_seed1,binary_p0.3,12,0.20675460994243622,-1.3446,3.4769,5,False
baseline_noweight_seed1,binary_p0.3,13,0.24494442343711853,-1.1258,2.8132,5,False
baseline_noweight_seed1,binary_p0.3,14,0.24104712903499603,-1.1469,3.2996,5,False
baseline_noweight_seed1,binary_p0.3,15,0.20086626708507538,-1.3809,3.3061,5,False
baseline_noweight_seed1,binary_p0.3,16,0.24841077625751495,-1.1071,3.0877,4,False
baseline_noweight_seed1,binary_p0.3,17,0.26046422123908997,-1.0436,2.9925,4,False
baseline_noweight_seed1,binary_p0.3,18,0.17218510806560516,-1.5702,3.4256,4,False
baseline_noweight_seed1,binary_p0.3,19,0.273213654756546,-0.9784,2.9367,4,False
baseline_noweight_seed1,binary_p0.3,20,0.22143298387527466,-1.2573,3.4491,6,False
baseline_noweight_seed1,binary_p0.3,21,0.2546251118183136,-1.0741,2.6528,5,False
baseline_noweight_seed1,binary_p0.3,22,0.21628063917160034,-1.2875,3.489,4,False
baseline_noweight_seed1,binary_p0.3,23,0.23725354671478271,-1.1678,3.0649,5,False
baseline_noweight_seed1,binary_p0.3,24,0.20819750428199768,-1.3358,2.6622,6,False
baseline_noweight_seed1,binary_p0.3,25,0.24092474579811096,-1.1476,3.2418,4,False
baseline_noweight_seed1,binary_p0.3,26,0.24216552078723907,-1.1408,3.0705,5,False
baseline_noweight_seed1,binary_p0.3,27,0.21143591403961182,-1.3163,3.378,6,False
baseline_noweight_seed1,binary_p0.3,28,0.23381245136260986,-1.1869,2.9488,5,False
baseline_noweight_seed1,binary_p0.3,29,0.26127099990844727,-1.0394,3.1783,3,False
baseline_noweight_seed2,uniform,0,0.0020321470219641924,-6.1966,11.1486,9,False
baseline_noweight_seed2,uniform,1,0.0016951769357547164,-6.3783,11.3017,9,False
baseline_noweight_seed2,uniform,2,0.001529930392280221,-6.481,11.1981,9,False
baseline_noweight_seed2,uniform,3,0.0014867129502817988,-6.5097,11.0592,9,False
baseline_noweight_seed2,uniform,4,0.0012913130922243,-6.6508,11.3907,9,False
baseline_noweight_seed2,uniform,5,0.0020421359222382307,-6.1917,10.8882,9,False
baseline_noweight_seed2,uniform,6,0.0017269119853153825,-6.3597,11.0617,9,False
baseline_noweight_seed2,uniform,7,0.0016376940766349435,-6.4128,11.0705,9,False
baseline_noweight_seed2,uniform,8,0.002198735950514674,-6.1177,11.1515,9,False
baseline_noweight_seed2,uniform,9,0.0020026746205985546,-6.2113,10.9196,9,False
baseline_noweight_seed2,uniform,10,0.0017135972157120705,-6.3674,11.0447,9,False
baseline_noweight_seed2,uniform,11,0.0027698944322764874,-5.8862,10.6443,9,False
baseline_noweight_seed2,uniform,12,0.001545684994198382,-6.4707,11.3068,9,False
baseline_noweight_seed2,uniform,13,0.001804853556677699,-6.3155,11.1471,9,False
baseline_noweight_seed2,uniform,14,0.0012861602008342743,-6.6548,11.3245,9,False
baseline_noweight_seed2,uniform,15,0.001545111183077097,-6.4711,11.1716,9,False
baseline_noweight_seed2,uniform,16,0.0018477212870493531,-6.292,11.0264,9,False
baseline_noweight_seed2,uniform,17,0.0015271687880158424,-6.4828,10.9681,9,False
baseline_noweight_seed2,uniform,18,0.001984603935852647,-6.2203,11.2057,9,False
baseline_noweight_seed2,uniform,19,0.001604381832294166,-6.4334,11.1617,9,False
baseline_noweight_seed2,uniform,20,0.0022309781052172184,-6.1031,10.8907,9,False
baseline_noweight_seed2,uniform,21,0.0013246232410892844,-6.6253,11.1914,9,False
baseline_noweight_seed2,uniform,22,0.001162996399216354,-6.7556,11.5807,9,False
baseline_noweight_seed2,uniform,23,0.0015531983226537704,-6.4659,11.1981,9,False
baseline_noweight_seed2,uniform,24,0.0015687445411458611,-6.4559,11.4666,9,False
baseline_noweight_seed2,uniform,25,0.001676947926171124,-6.3891,11.2426,9,False
baseline_noweight_seed2,uniform,26,0.0018247910775244236,-6.3045,10.774,9,False
baseline_noweight_seed2,uniform,27,0.001812844187952578,-6.311,11.0009,9,False
baseline_noweight_seed2,uniform,28,0.0017558987019583583,-6.343,11.0339,9,False
baseline_noweight_seed2,uniform,29,0.0014407453127205372,-6.5412,11.6348,9,False
baseline_noweight_seed2,binary_p0.3,0,0.0018388577736914158,-6.2968,11.3892,9,False
baseline_noweight_seed2,binary_p0.3,1,0.000934435345698148,-6.9746,11.7018,9,False
baseline_noweight_seed2,binary_p0.3,2,0.0012212342116981745,-6.7067,11.557,9,False
baseline_noweight_seed2,binary_p0.3,3,0.0013756905682384968,-6.5874,11.4244,9,False
baseline_noweight_seed2,binary_p0.3,4,0.0009761304245330393,-6.9309,11.7208,9,False
baseline_noweight_seed2,binary_p0.3,5,0.0007367155631072819,-7.2126,12.0676,9,False
baseline_noweight_seed2,binary_p0.3,6,0.001119987340644002,-6.7933,11.6522,9,False
baseline_noweight_seed2,binary_p0.3,7,0.0011305117513984442,-6.784,11.3373,9,False
baseline_noweight_seed2,binary_p0.3,8,0.0013489009579643607,-6.6071,11.8864,9,False
baseline_noweight_seed2,binary_p0.3,9,0.0014195037074387074,-6.556,11.3279,9,False
baseline_noweight_seed2,binary_p0.3,10,0.0010567089775577188,-6.8515,11.8372,9,False
baseline_noweight_seed2,binary_p0.3,11,0.0010733860544860363,-6.8359,11.8886,9,False
baseline_noweight_seed2,binary_p0.3,12,0.0008941460982896388,-7.0187,11.6067,9,False
baseline_noweight_seed2,binary_p0.3,13,0.0009718479122966528,-6.9353,12.0558,9,False
baseline_noweight_seed2,binary_p0.3,14,0.0014821470249444246,-6.5128,11.3082,9,False
baseline_noweight_seed2,binary_p0.3,15,0.0006913767429068685,-7.2761,11.6601,9,False
baseline_noweight_seed2,binary_p0.3,16,0.0012713760370388627,-6.6664,11.3953,9,False
baseline_noweight_seed2,binary_p0.3,17,0.001426154631190002,-6.5513,11.5325,9,False
baseline_noweight_seed2,binary_p0.3,18,0.0008369918796233833,-7.0849,11.8173,9,False
baseline_noweight_seed2,binary_p0.3,19,0.0006690057343803346,-7.309,12.1594,9,False
baseline_noweight_seed2,binary_p0.3,20,0.0016529196873307228,-6.4036,11.456,9,False
baseline_noweight_seed2,binary_p0.3,21,0.0016300404677167535,-6.4175,11.4983,9,False
baseline_noweight_seed2,binary_p0.3,22,0.0011500058462843299,-6.7668,11.5929,9,False
baseline_noweight_seed2,binary_p0.3,23,0.0011027787113562226,-6.8088,11.5085,9,False
baseline_noweight_seed2,binary_p0.3,24,0.0007545408443547785,-7.1886,12.0518,9,False
baseline_noweight_seed2,binary_p0.3,25,0.001421795692294836,-6.5544,11.7319,9,False
baseline_noweight_seed2,binary_p0.3,26,0.001017425092868507,-6.8895,11.7552,9,False
baseline_noweight_seed2,binary_p0.3,27,0.0007762652239762247,-7.1602,12.2063,9,False
baseline_noweight_seed2,binary_p0.3,28,0.0015052324160933495,-6.4973,11.4476,9,False
baseline_noweight_seed2,binary_p0.3,29,0.001278825686313212,-6.6605,11.455,9,False
