run_name,unit,HS_mean,NHS_mean,HS_median,NHS_median,HS_active_pct,NHS_active_pct,HS_frac_exactly_zero,NHS_frac_exactly_zero,cohens_d,auc_HS_vs_NHS,mannwhitney_p,globally_dead,is_HS_elevated,is_NHS_elevated
balanced_sampling_seed1,0,8.2783,0.1098,8.5684,0.0,97.56,6.15,0.0244,0.9385,13.1701,0.9861,1.8967240678404097e-143,False,True,False
balanced_sampling_seed1,1,0.0,0.0,0.0,0.0,0.0,0.0,1.0,1.0,,0.5,1.0,True,False,False
balanced_sampling_seed1,2,0.0,0.2026,0.0,0.0,0.0,24.69,1.0,0.7531,-0.4399,0.3765,0.0002982026299031829,False,False,False
balanced_sampling_seed1,3,0.1004,2.0194,0.0,1.5221,2.44,70.85,0.9756,0.2915,-0.9213,0.1623,3.4995175046166974e-14,False,False,False
balanced_sampling_seed1,4,1.2651,6.3041,0.6428,6.3773,87.8,99.27,0.122,0.0073,-2.4853,0.0367,1.009759199467883e-24,False,False,True
balanced_sampling_seed1,5,2.8141,9.6521,2.7736,9.8373,100.0,99.99,0.0,0.0001,-3.4913,0.017,9.852272936985102e-27,False,False,True
balanced_sampling_seed1,6,8.2986,0.2868,8.5217,0.0,97.56,21.34,0.0244,0.7866,9.6006,0.9844,1.875269413811696e-50,False,True,False
balanced_sampling_seed1,7,0.3857,0.0013,0.0,0.0,26.83,0.25,0.7317,0.9975,6.7676,0.633,5.42569585460549e-206,False,False,False
balanced_sampling_seed1,8,9.008,0.1243,9.412,0.0,97.56,6.21,0.0244,0.9379,12.0016,0.9857,6.661074354632624e-142,False,True,False
balanced_sampling_seed1,9,4.3013,12.0534,4.1595,12.1697,97.56,100.0,0.0244,0.0,-3.2048,0.0267,9.861299127153102e-26,False,False,True
balanced_sampling_seed1,10,3.6484,9.6229,3.5617,9.7733,97.56,99.99,0.0244,0.0001,-2.8367,0.0315,2.9993546612334134e-25,False,False,True
balanced_sampling_seed1,11,5.9207,0.042,6.2055,0.0,97.56,2.97,0.0244,0.9703,16.5081,0.9863,4.3206350453141496e-276,False,True,False
balanced_sampling_seed1,12,2.18,6.4933,2.1668,6.469,85.37,99.98,0.1463,0.0002,-2.3748,0.048,1.2926432562707948e-23,False,False,True
balanced_sampling_seed1,13,6.7849,0.1226,6.8435,0.0,97.56,8.84,0.0244,0.9116,11.4405,0.9855,6.999281492648038e-104,False,True,False
balanced_sampling_seed1,14,0.0242,0.7103,0.0,0.1289,2.44,52.09,0.9756,0.4791,-0.7613,0.2501,4.296615706121938e-09,False,False,False
balanced_sampling_seed1,15,0.0,0.2364,0.0,0.0,0.0,17.64,1.0,0.8236,-0.3753,0.4118,0.0032330101039019796,False,False,False
balanced_sampling_seed2,0,0.0,0.0,0.0,0.0,0.0,0.0,1.0,1.0,,0.5,1.0,True,False,False
balanced_sampling_seed2,1,0.0,0.0,0.0,0.0,0.0,0.0,1.0,1.0,,0.5,1.0,True,False,False
balanced_sampling_seed2,2,0.0,0.0,0.0,0.0,0.0,0.0,1.0,1.0,,0.5,1.0,True,False,False
balanced_sampling_seed2,3,7.0472,0.0697,7.2759,0.0,95.12,3.13,0.0488,0.9687,12.5415,0.9734,5.055755909927127e-250,False,True,False
balanced_sampling_seed2,4,8.4918,0.0683,8.8454,0.0,95.12,2.67,0.0488,0.9733,13.9649,0.9737,8.453835341254167e-289,False,True,False
balanced_sampling_seed2,5,0.0,0.4689,0.0,0.0,0.0,27.27,1.0,0.7273,-0.4468,0.3636,0.00011563026660947965,False,False,False
balanced_sampling_seed2,6,0.7565,16.9364,0.0,17.2239,19.51,99.03,0.8049,0.0097,-3.5265,0.0215,2.893772664688981e-26,False,False,True
balanced_sampling_seed2,7,4.3003,19.8809,3.5589,19.8291,95.12,99.96,0.0488,0.0004,-3.2082,0.0135,4.277653548456447e-27,False,False,True
balanced_sampling_seed2,8,2.8057,18.7863,2.2498,18.7402,85.37,99.92,0.1463,0.0008,-3.9136,0.0126,3.449664183650463e-27,False,False,True
balanced_sampling_seed2,9,0.0,0.0,0.0,0.0,0.0,0.0,1.0,1.0,,0.5,1.0,True,False,False
balanced_sampling_seed2,10,9.403,0.0617,10.0205,0.0,97.56,2.24,0.0244,0.9776,15.2155,0.9859,0.0,False,True,False
balanced_sampling_seed2,11,0.4698,16.1086,0.0,16.105,4.88,96.33,0.9512,0.0367,-2.1923,0.034,5.359945843608676e-25,False,False,True
balanced_sampling_seed2,12,11.434,0.0824,11.927,0.0,97.56,2.28,0.0244,0.9772,14.4287,0.986,0.0,False,True,False
balanced_sampling_seed2,13,0.2931,0.0005,0.0,0.0,29.27,0.05,0.7073,0.9995,7.7882,0.6461,0.0,False,False,False
balanced_sampling_seed2,14,0.8084,0.0023,0.0,0.0,43.9,0.13,0.561,0.9987,8.2618,0.7189,0.0,False,False,False
balanced_sampling_seed2,15,1.2352,12.1791,0.0,12.2519,39.02,99.54,0.6098,0.0046,-2.1594,0.0285,1.5105715885520949e-25,False,False,True
balanced_sampling_seed3,0,0.0,0.0,0.0,0.0,0.0,0.0,1.0,1.0,,0.5,1.0,True,False,False
balanced_sampling_seed3,1,0.0,0.0,0.0,0.0,0.0,0.0,1.0,1.0,,0.5,1.0,True,False,False
balanced_sampling_seed3,2,0.0,0.019,0.0,0.0,0.0,4.13,1.0,0.9587,-0.2015,0.4794,0.18401686215336488,False,False,False
balanced_sampling_seed3,3,1.3867,8.1891,0.9763,8.4223,78.05,99.3,0.2195,0.007,-2.8638,0.0228,3.952317213939652e-26,False,False,True
balanced_sampling_seed3,4,4.7164,0.0863,4.6866,0.0,97.56,8.3,0.0244,0.917,10.5006,0.9832,1.2666827042422347e-108,False,True,False
balanced_sampling_seed3,5,8.732,13.4443,9.4074,13.8174,100.0,99.99,0.0,0.0001,-1.1496,0.1856,3.254577449421522e-12,False,False,False
balanced_sampling_seed3,6,7.0705,0.158,6.9966,0.0,97.56,11.64,0.0244,0.8836,10.6739,0.9847,8.872682972747846e-82,False,True,False
balanced_sampling_seed3,7,7.2281,0.1196,7.6294,0.0,97.56,9.3,0.0244,0.907,12.403,0.9852,2.7942685348580857e-99,False,True,False
balanced_sampling_seed3,8,4.2535,10.0598,4.0152,10.0444,92.68,99.99,0.0732,0.0001,-2.0233,0.0716,2.2404446363028018e-21,False,False,True
balanced_sampling_seed3,9,6.6615,0.211,6.7196,0.0,97.56,17.05,0.0244,0.8295,9.3765,0.9841,9.164421547784506e-60,False,True,False
balanced_sampling_seed3,10,5.4306,0.1031,5.7007,0.0,95.12,9.91,0.0488,0.9009,10.829,0.9708,1.3574530411799485e-88,False,True,False
balanced_sampling_seed3,11,7.4945,0.1948,8.0448,0.0,97.56,13.82,0.0244,0.8618,10.0113,0.9831,1.887427103797899e-70,False,True,False
balanced_sampling_seed3,12,6.946,0.1641,7.1928,0.0,97.56,14.1,0.0244,0.859,11.1454,0.9846,1.0790576966298566e-69,False,True,False
balanced_sampling_seed3,13,0.0,0.0,0.0,0.0,0.0,0.0,1.0,1.0,,0.5,1.0,True,False,False
balanced_sampling_seed3,14,0.2001,4.347,0.0,4.4843,9.76,93.7,0.9024,0.063,-1.7715,0.053,3.891286761870109e-23,False,False,True
balanced_sampling_seed3,15,2.4944,7.9086,2.061,8.2617,97.56,99.52,0.0244,0.0048,-3.2113,0.0388,1.6053282368903781e-24,False,False,True
baseline_noweight_seed1,0,0.0,0.0,0.0,0.0,0.0,0.0,1.0,1.0,,0.5,1.0,True,False,False
baseline_noweight_seed1,1,0.0,0.0,0.0,0.0,0.0,0.0,1.0,1.0,,0.5,1.0,True,False,False
baseline_noweight_seed1,2,0.0039,0.7218,0.0,0.0,2.44,33.9,0.9756,0.661,-0.5509,0.339,2.296475046491995e-05,False,False,False
baseline_noweight_seed1,3,0.3766,10.7433,0.0,10.9821,4.88,99.01,0.9512,0.0099,-3.308,0.0274,1.1557200374851156e-25,False,False,True
baseline_noweight_seed1,4,0.2884,3.9527,0.0,2.3558,4.88,72.29,0.9512,0.2771,-0.7876,0.1684,1.1066207835009601e-13,False,False,False
baseline_noweight_seed1,5,0.1617,5.199,0.0,5.3435,2.44,94.19,0.9756,0.0581,-1.7383,0.045,6.480856932833435e-24,False,False,True
baseline_noweight_seed1,6,0.0,0.0,0.0,0.0,0.0,0.0,1.0,1.0,,0.5,1.0,True,False,False
baseline_noweight_seed1,7,0.0,0.0,0.0,0.0,0.0,0.0,1.0,1.0,,0.5,1.0,True,False,False
baseline_noweight_seed1,8,0.0,0.0,0.0,0.0,0.0,0.0,1.0,1.0,,0.5,1.0,True,False,False
baseline_noweight_seed1,9,0.1326,2.588,0.0,1.8302,2.44,63.93,0.9756,0.3607,-0.9035,0.1954,4.670246344456778e-12,False,False,False
baseline_noweight_seed1,10,0.1803,5.1207,0.0,5.0891,2.44,97.26,0.9756,0.0274,-2.1603,0.0334,4.611738511290826e-25,False,False,True
baseline_noweight_seed1,11,0.0,0.0,0.0,0.0,0.0,0.0,1.0,1.0,,0.5,1.0,True,False,False
baseline_noweight_seed1,12,0.1054,0.9092,0.0,0.3731,2.44,58.24,0.9756,0.4176,-0.6932,0.2278,3.698605712127827e-10,False,False,False
baseline_noweight_seed1,13,0.0,0.0,0.0,0.0,0.0,0.01,1.0,0.9999,-0.0072,0.5,0.9641590288519352,False,False,False
baseline_noweight_seed1,14,0.2976,9.6958,0.0,9.6461,4.88,98.98,0.9512,0.0102,-3.1244,0.0174,1.0827016915891089e-26,False,False,True
baseline_noweight_seed1,15,0.0,0.2494,0.0,0.0,0.0,25.36,1.0,0.7464,-0.4591,0.3732,0.0002340469741800929,False,False,False
baseline_noweight_seed2,0,0.0951,1.6531,0.0,0.0,2.44,48.7,0.9756,0.513,-0.6685,0.2699,4.1457700197670296e-08,False,False,False
baseline_noweight_seed2,1,0.0,0.0,0.0,0.0,0.0,0.0,1.0,1.0,,0.5,1.0,True,False,False
baseline_noweight_seed2,2,0.0,0.0,0.0,0.0,0.0,0.0,1.0,1.0,,0.5,1.0,True,False,False
baseline_noweight_seed2,3,0.0,0.0,0.0,0.0,0.0,0.0,1.0,1.0,,0.5,1.0,True,False,False
baseline_noweight_seed2,4,0.0,0.0001,0.0,0.0,0.0,0.02,1.0,0.9998,-0.0119,0.4999,0.9369283073058008,False,False,False
baseline_noweight_seed2,5,0.4589,10.7205,0.0,10.8229,9.76,99.33,0.9024,0.0067,-3.2713,0.0213,2.726245445426743e-26,False,False,True
baseline_noweight_seed2,6,0.6142,14.0393,0.0,14.0717,9.76,99.61,0.9024,0.0039,-3.0409,0.023,4.064131351734263e-26,False,False,True
baseline_noweight_seed2,7,0.1196,3.3745,0.0,3.1392,2.44,80.6,0.9756,0.194,-1.1604,0.111,5.067552379745194e-18,False,False,False
baseline_noweight_seed2,8,0.4282,8.8236,0.0,9.3516,7.32,98.57,0.9268,0.0143,-2.5486,0.0303,2.2840590788560055e-25,False,False,True
baseline_noweight_seed2,9,0.0,0.0,0.0,0.0,0.0,0.0,1.0,1.0,,0.5,1.0,True,False,False
baseline_noweight_seed2,10,0.0,0.0,0.0,0.0,0.0,0.0,1.0,1.0,,0.5,1.0,True,False,False
baseline_noweight_seed2,11,0.3909,11.496,0.0,10.8583,4.88,99.54,0.9512,0.0046,-2.398,0.021,2.5829147310835542e-26,False,False,True
baseline_noweight_seed2,12,0.0,0.0,0.0,0.0,0.0,0.0,1.0,1.0,,0.5,1.0,True,False,False
baseline_noweight_seed2,13,0.0,0.0,0.0,0.0,0.0,0.0,1.0,1.0,,0.5,1.0,True,False,False
baseline_noweight_seed2,14,0.0,0.0,0.0,0.0,0.0,0.0,1.0,1.0,,0.5,1.0,True,False,False
baseline_noweight_seed2,15,0.77,14.9388,0.0,14.7609,21.95,99.76,0.7805,0.0024,-3.5013,0.0162,8.208958317400658e-27,False,False,True
